title,name_en,name_zh,name_zht,name_zhs,name_ja,has_in_game_screenshot,target_media_file,local_filename,local_rel_path,image_url,width,height,filesize,internal_id,filename_base,variant_id,series_id,game_sort_order,nookipedia_id,source,source_group,source_zh,source_ja,source_en,color_1,color_2,colors_zh,colors_ja,colors_en,version_added,version_rank,vfx,tag,color_rank,is_special,style_cluster,series_is_special,series_version_rank,series_style_cluster,series_anchor_id,default_sort_order
Item:Bamboo-screen wall (New Horizons),Bamboo-screen wall,竹簾牆,竹簾牆,竹帘墙,すだれのかべ,True,File:Bamboo-Screen Wall NH Screenshot.jpg,竹簾牆_Bamboo-screen_wall.jpg,images/wallpapers/竹簾牆_Bamboo-screen_wall.webp,https://dodo.ac/np/images/e/ea/Bamboo-Screen_Wall_NH_Screenshot.jpg,1280,720,302246,4836,RoomTexWallRattan,0,4836,50,14,Nook's Cranny,shop,商店購買,タヌキ商店,Nook's Cranny,Brown,Brown,棕,ブラウン,Brown,1.0.0,1,No,Wood Walls,2,0,10,0,1,10,14,0
Item:White botanical-tile wall (New Horizons),White botanical-tile wall,白色植物圖案磚牆,白色植物圖案磚牆,白色植物图案砖墙,しろいボタニカルタイルのかべ,True,File:White Botanical-Tile Wall NH Screenshot.jpg,白色植物圖案磚牆_White_botanical-tile_wall.jpg,images/wallpapers/白色植物圖案磚牆_White_botanical-tile_wall.webp,https://dodo.ac/np/images/1/16/White_Botanical-Tile_Wall_NH_Screenshot.jpg,1280,720,214867,4826,RoomTexWallWoodTile,0,4826,33,285,Nook's Cranny,shop,商店購買,タヌキ商店,Nook's Cranny,White,White,白,ホワイト,White,1.0.0,1,No,Wood Tile Walls,1,0,10,0,1,10,22,1
Item:Brown botanical-tile wall (New Horizons),Brown botanical-tile wall,棕色植物圖案磚牆,棕色植物圖案磚牆,棕色植物图案砖墙,ブラウンボタニカルタイルのかべ,True,File:Brown Botanical-Tile Wall NH Screenshot.jpg,棕色植物圖案磚牆_Brown_botanical-tile_wall.jpg,images/wallpapers/棕色植物圖案磚牆_Brown_botanical-tile_wall.webp,https://dodo.ac/np/images/0/02/Brown_Botanical-Tile_Wall_NH_Screenshot.jpg,1280,720,188222,4827,RoomTexWallWoodTile,1,4826,34,56,Nook's Cranny,shop,商店購買,タヌキ商店,Nook's Cranny,Brown,Brown,棕,ブラウン,Brown,1.0.0,1,No,Wood Tile Walls,2,0,10,0,1,10,22,2
Item:Botanical-tile wall (New Horizons),Botanical-tile wall,植物圖案磚牆,植物圖案磚牆,植物图案砖墙,ボタニカルタイルのかべ,True,File:Botanical-Tile Wall NH Screenshot.jpg,植物圖案磚牆_Botanical-tile_wall.jpg,images/wallpapers/植物圖案磚牆_Botanical-tile_wall.webp,https://dodo.ac/np/images/2/26/Botanical-Tile_Wall_NH_Screenshot.jpg,1280,720,223061,6876,RoomTexWallWoodTile,2,4826,35,54,Nook's Cranny,shop,商店購買,タヌキ商店,Nook's Cranny,Beige,Yellow,米 / 黃,ベージュ / イエロー,Beige / Yellow,1.0.0,1,No,Wood Tile Walls,2,0,10,0,1,10,22,3
Item:Black botanical-tile wall (New Horizons),Black botanical-tile wall,黑色植物圖案磚牆,黑色植物圖案磚牆,黑色植物图案砖墙,くろいボタニカルタイルのかべ,True,File:Black Botanical-Tile Wall NH Screenshot.jpg,黑色植物圖案磚牆_Black_botanical-tile_wall.jpg,images/wallpapers/黑色植物圖案磚牆_Black_botanical-tile_wall.webp,https://dodo.ac/np/images/f/f7/Black_Botanical-Tile_Wall_NH_Screenshot.jpg,1280,720,152043,6877,RoomTexWallWoodTile,3,4826,36,22,Nook's Cranny,shop,商店購買,タヌキ商店,Nook's Cranny,Black,Black,黑,ブラック,Black,1.0.0,1,No,Wood Tile Walls,4,0,10,0,1,10,22,4
Item:White painted-wood wall (New Horizons),White painted-wood wall,白色油漆木牆,白色油漆木牆,白色油漆木墙,しろいペイントウッドのかべ,True,File:White Painted-Wood Wall NH Screenshot.jpg,白色油漆木牆_White_painted-wood_wall.jpg,images/wallpapers/白色油漆木牆_White_painted-wood_wall.webp,https://dodo.ac/np/images/1/13/White_Painted-Wood_Wall_NH_Screenshot.jpg,1280,720,181330,4803,RoomTexWallPaintWood,3,4802,11,290,Nook's Cranny,shop,商店購買,タヌキ商店,Nook's Cranny,White,White,白,ホワイト,White,1.0.0,1,No,Painted Wood,1,0,10,0,1,10,42,5
Item:Blue painted-wood wall (New Horizons),Blue painted-wood wall,藍色油漆木牆,藍色油漆木牆,蓝色油漆木墙,あおいペイントウッドのかべ,True,File:Blue Painted-Wood Wall NH Screenshot.jpg,藍色油漆木牆_Blue_painted-wood_wall.jpg,images/wallpapers/藍色油漆木牆_Blue_painted-wood_wall.webp,https://dodo.ac/np/images/9/9b/Blue_Painted-Wood_Wall_NH_Screenshot.jpg,1280,720,178704,4948,RoomTexWallPaintWood,0,4802,8,42,Nook's Cranny,shop,商店購買,タヌキ商店,Nook's Cranny,Blue,Aqua,藍 / 水藍,ブルー / アクア,Blue / Aqua,1.0.0,1,No,Painted Wood,2,0,10,0,1,10,42,6
Item:Green painted-wood wall (New Horizons),Green painted-wood wall,綠色油漆木牆,綠色油漆木牆,绿色油漆木墙,みどりのペイントウッドのかべ,True,File:Green Painted-Wood Wall NH Screenshot.jpg,綠色油漆木牆_Green_painted-wood_wall.jpg,images/wallpapers/綠色油漆木牆_Green_painted-wood_wall.webp,https://dodo.ac/np/images/7/7c/Green_Painted-Wood_Wall_NH_Screenshot.jpg,1280,720,169827,4949,RoomTexWallPaintWood,1,4802,9,131,Nook's Cranny,shop,商店購買,タヌキ商店,Nook's Cranny,Green,Green,綠,グリーン,Green,1.0.0,1,No,Painted Wood,2,0,10,0,1,10,42,7
Item:Pink painted-wood wall (New Horizons),Pink painted-wood wall,粉紅油漆木牆,粉紅油漆木牆,粉红油漆木墙,ピンクのペイントウッドのかべ,True,File:Pink Painted-Wood Wall NH Screenshot.jpg,粉紅油漆木牆_Pink_painted-wood_wall.jpg,images/wallpapers/粉紅油漆木牆_Pink_painted-wood_wall.webp,https://dodo.ac/np/images/c/ca/Pink_Painted-Wood_Wall_NH_Screenshot.jpg,1280,720,175829,4802,RoomTexWallPaintWood,2,4802,10,207,Nook's Cranny,shop,商店購買,タヌキ商店,Nook's Cranny,Pink,Pink,粉紅,ピンク,Pink,1.0.0,1,No,Painted Wood,2,0,10,0,1,10,42,8
Item:Brown herringbone wall (New Horizons),Brown herringbone wall,茶色人字斜紋牆,茶色人字斜紋牆,茶色人字斜纹墙,ちゃいろいヘリンボーンのかべ,True,File:Brown Herringbone Wall NH Screenshot.jpg,茶色人字斜紋牆_Brown_herringbone_wall.jpg,images/wallpapers/茶色人字斜紋牆_Brown_herringbone_wall.webp,https://dodo.ac/np/images/c/c9/Brown_Herringbone_Wall_NH_Screenshot.jpg,1280,720,222120,4804,RoomTexWallHerringbone,0,4804,12,59,Crafting,diy,DIY製作,DIYレシピ,Crafting,Brown,Brown,棕,ブラウン,Brown,1.0.0,1,No,Herringbone,2,0,10,0,1,10,59,9
Item:Chocolate herringbone wall (New Horizons),Chocolate herringbone wall,深棕色人字斜紋牆,深棕色人字斜紋牆,深棕色人字斜纹墙,こげちゃのヘリンボーンのかべ,True,File:Chocolate Herringbone Wall NH Screenshot.jpg,深棕色人字斜紋牆_Chocolate_herringbone_wall.jpg,images/wallpapers/深棕色人字斜紋牆_Chocolate_herringbone_wall.webp,https://dodo.ac/np/images/8/83/Chocolate_Herringbone_Wall_NH_Screenshot.jpg,1280,720,160708,4805,RoomTexWallHerringbone,1,4804,13,77,Crafting,diy,DIY製作,DIYレシピ,Crafting,Brown,Brown,棕,ブラウン,Brown,1.0.0,1,No,Herringbone,2,0,10,0,1,10,59,10
Item:Cabin wall (New Horizons),Cabin wall,木屋牆,木屋牆,木屋墙,ログハウスのかべ,True,File:Cabin Wall NH Screenshot.jpg,木屋牆_Cabin_wall.jpg,images/wallpapers/木屋牆_Cabin_wall.webp,https://dodo.ac/np/images/e/e9/Cabin_Wall_NH_Screenshot.jpg,1280,720,160913,4840,RoomTexWallLog,0,4840,54,66,Crafting,diy,DIY製作,DIYレシピ,Crafting,Beige,Beige,米,ベージュ,Beige,1.0.0,1,No,Wood Walls,2,0,10,0,1,10,66,11
Item:Wooden-mosaic wall (New Horizons),Wooden-mosaic wall,嵌木牆,嵌木牆,嵌木墙,よせぎのかべ,True,File:Wooden-Mosaic Wall NH Screenshot.jpg,嵌木牆_Wooden-mosaic_wall.jpg,images/wallpapers/嵌木牆_Wooden-mosaic_wall.webp,https://dodo.ac/np/images/5/53/Wooden-Mosaic_Wall_NH_Screenshot.jpg,1280,720,177581,4859,RoomTexWallMixPlankWood,0,4859,75,302,Crafting,diy,DIY製作,DIYレシピ,Crafting,Brown,Brown,棕,ブラウン,Brown,1.0.0,1,No,Wood Plank Walls,2,0,10,0,1,10,98,12
Item:Dark wooden-mosaic wall (New Horizons),Dark wooden-mosaic wall,深色嵌木牆,深色嵌木牆,深色嵌木墙,ダークなよせぎのかべ,True,File:Dark Wooden-Mosaic Wall NH Screenshot.jpg,深色嵌木牆_Dark_wooden-mosaic_wall.jpg,images/wallpapers/深色嵌木牆_Dark_wooden-mosaic_wall.webp,https://dodo.ac/np/images/6/62/Dark_Wooden-Mosaic_Wall_NH_Screenshot.jpg,1280,720,139055,4860,RoomTexWallMixPlankWood,1,4859,76,98,Crafting,diy,DIY製作,DIYレシピ,Crafting,Black,Black,黑,ブラック,Black,1.0.0,1,No,Wood Plank Walls,2,0,10,0,1,10,98,13
Item:Modern wood wall (New Horizons),Modern wood wall,拼木牆,拼木牆,拼木墙,ミックスウッドのかべ,True,File:Modern Wood Wall NH Screenshot.jpg,拼木牆_Modern_wood_wall.jpg,images/wallpapers/拼木牆_Modern_wood_wall.webp,https://dodo.ac/np/images/4/4b/Modern_Wood_Wall_NH_Screenshot.jpg,1280,720,151502,4904,RoomTexWallMixwood,0,4904,129,169,Crafting,diy,DIY製作,DIYレシピ,Crafting,Brown,Brown,棕,ブラウン,Brown,1.0.0,1,No,Wood Walls,2,0,10,0,1,10,169,14
Item:Sakura-wood wall (New Horizons),Sakura-wood wall,櫻花木牆,櫻花木牆,樱花木墙,さくらのウッドウォール,True,File:Sakura-Wood Wall NH Screenshot.jpg,櫻花木牆_Sakura-wood_wall.jpg,images/wallpapers/櫻花木牆_Sakura-wood_wall.webp,https://dodo.ac/np/images/d/db/Sakura-Wood_Wall_NH_Screenshot.jpg,1280,720,194686,4947,RoomTexWallSolidWood,0,4947,173,245,Crafting,diy,DIY製作,DIYレシピ,Crafting,Pink,Pink,粉紅,ピンク,Pink,1.0.0,1,No,Wood Walls,2,0,10,0,1,10,245,15
Item:Stacked-wood wall (New Horizons),Stacked-wood wall,木質牆,木質牆,木质墙,ウッディなかべ,True,File:Stacked-Wood Wall NH Screenshot.jpg,木質牆_Stacked-wood_wall.jpg,images/wallpapers/木質牆_Stacked-wood_wall.webp,https://dodo.ac/np/images/6/60/Stacked-Wood_Wall_NH_Screenshot.jpg,1280,720,342886,4844,RoomTexWallFireWood,0,4844,58,261,Crafting,diy,DIY製作,DIYレシピ,Crafting,Brown,Brown,棕,ブラウン,Brown,1.0.0,1,No,Wood Walls,2,0,10,0,1,10,261,16
Item:Wild-wood wall (New Horizons),Wild-wood wall,原木牆,原木牆,原木墙,ワイルドウッドのかべ,True,File:Wild-Wood Wall NH Screenshot.jpg,原木牆_Wild-wood_wall.jpg,images/wallpapers/原木牆_Wild-wood_wall.webp,https://dodo.ac/np/images/1/1e/Wild-Wood_Wall_NH_Screenshot.jpg,1280,720,157875,4858,RoomTexWallWildWood,0,4858,74,300,Crafting,diy,DIY製作,DIYレシピ,Crafting,Black,Black,黑,ブラック,Black,1.0.0,1,No,Wood Walls,2,0,10,0,1,10,300,17
Item:Wooden-knot wall (New Horizons),Wooden-knot wall,木節牆,木節牆,木节墙,ふしありウッドウォール,True,File:Wooden-Knot Wall NH Screenshot.jpg,木節牆_Wooden-knot_wall.jpg,images/wallpapers/木節牆_Wooden-knot_wall.webp,https://dodo.ac/np/images/2/26/Wooden-Knot_Wall_NH_Screenshot.jpg,1280,720,188044,4911,RoomTexWallCedar,0,4911,144,301,Crafting,diy,DIY製作,DIYレシピ,Crafting,Brown,Brown,棕,ブラウン,Brown,1.0.0,1,No,Wood Walls,2,0,10,0,1,10,301,18
Item:White-brick wall (New Horizons),White-brick wall,白色磚塊牆,白色磚塊牆,白色砖块墙,しろレンガのかべ,True,File:White-Brick Wall NH Screenshot.jpg,白色磚塊牆_White-brick_wall.jpg,images/wallpapers/白色磚塊牆_White-brick_wall.webp,https://dodo.ac/np/images/1/17/White-Brick_Wall_NH_Screenshot.jpg,1280,720,197794,4927,RoomTexWallBrick,0,4927,158,296,Nook's Cranny,shop,商店購買,タヌキ商店,Nook's Cranny,White,White,白,ホワイト,White,1.0.0,1,No,Brick,1,0,20,0,1,20,28,19
Item:Brown-brick wall (New Horizons),Brown-brick wall,茶色磚塊牆,茶色磚塊牆,茶色砖块墙,ちゃいろいレンガのかべ,True,File:Brown-Brick Wall NH Screenshot.jpg,茶色磚塊牆_Brown-brick_wall.jpg,images/wallpapers/茶色磚塊牆_Brown-brick_wall.webp,https://dodo.ac/np/images/6/67/Brown-Brick_Wall_NH_Screenshot.jpg,1280,720,222054,6850,RoomTexWallBrick,3,4927,161,62,Nook's Cranny,shop,商店購買,タヌキ商店,Nook's Cranny,Brown,Brown,棕,ブラウン,Brown,1.0.0,1,No,Brick,2,0,20,0,1,20,28,20
Item:Black-brick wall (New Horizons),Black-brick wall,黑色磚塊牆,黑色磚塊牆,黑色砖块墙,くろレンガのかべ,True,File:Black-Brick Wall NH Screenshot.jpg,黑色磚塊牆_Black-brick_wall.jpg,images/wallpapers/黑色磚塊牆_Black-brick_wall.webp,https://dodo.ac/np/images/a/a6/Black-Brick_Wall_NH_Screenshot.jpg,1280,720,188192,4929,RoomTexWallBrick,2,4927,160,28,Nook's Cranny,shop,商店購買,タヌキ商店,Nook's Cranny,Black,Black,黑,ブラック,Black,1.0.0,1,No,Brick,4,0,20,0,1,20,28,21
Item:Red-brick wall (New Horizons),Red-brick wall,紅色磚塊牆,紅色磚塊牆,红色砖块墙,あかレンガのかべ,True,File:Red-Brick Wall NH Screenshot.jpg,紅色磚塊牆_Red-brick_wall.jpg,images/wallpapers/紅色磚塊牆_Red-brick_wall.webp,https://dodo.ac/np/images/c/ce/Red-Brick_Wall_NH_Screenshot.jpg,1280,720,224358,4928,RoomTexWallBrick,1,4927,159,233,Nook's Cranny,shop,商店購買,タヌキ商店,Nook's Cranny,Red,Brown,紅 / 棕,レッド / ブラウン,Red / Brown,1.0.0,1,No,Brick,6,0,20,0,1,20,28,22
Item:Brown shanty wall (New Horizons),Brown shanty wall,褐色鐵皮牆,褐色鐵皮牆,褐色铁皮墙,ちゃいろのトタンかべ,True,File:Brown Shanty Wall NH Screenshot.jpg,褐色鐵皮牆_Brown_shanty_wall.jpg,images/wallpapers/褐色鐵皮牆_Brown_shanty_wall.webp,https://dodo.ac/np/images/4/45/Brown_Shanty_Wall_NH_Screenshot.jpg,1280,720,157650,4926,RoomTexWallTin,3,4923,157,60,Nook's Cranny,shop,商店購買,タヌキ商店,Nook's Cranny,Brown,Brown,棕,ブラウン,Brown,1.0.0,1,No,Tin Walls,2,0,20,0,1,20,45,23
Item:Gray shanty wall (New Horizons),Gray shanty wall,灰色鐵皮牆,灰色鐵皮牆,灰色铁皮墙,グレーのトタンかべ,True,File:Gray Shanty Wall NH Screenshot.jpg,灰色鐵皮牆_Gray_shanty_wall.jpg,images/wallpapers/灰色鐵皮牆_Gray_shanty_wall.webp,https://dodo.ac/np/images/d/d6/Gray_Shanty_Wall_NH_Screenshot.jpg,1280,720,167485,4923,RoomTexWallTin,0,4923,154,122,Nook's Cranny,shop,商店購買,タヌキ商店,Nook's Cranny,Gray,Gray,灰,グレー,Gray,1.0.0,1,No,Tin Walls,3,0,20,0,1,20,45,24
Item:Pink shanty wall (New Horizons),Pink shanty wall,粉紅鐵皮牆,粉紅鐵皮牆,粉红铁皮墙,ピンクのトタンかべ,True,File:Pink Shanty Wall NH Screenshot.jpg,粉紅鐵皮牆_Pink_shanty_wall.jpg,images/wallpapers/粉紅鐵皮牆_Pink_shanty_wall.webp,https://dodo.ac/np/images/2/2c/Pink_Shanty_Wall_NH_Screenshot.jpg,1280,720,157414,4924,RoomTexWallTin,1,4923,155,210,Nook's Cranny,shop,商店購買,タヌキ商店,Nook's Cranny,Pink,Pink,粉紅,ピンク,Pink,1.0.0,1,No,Tin Walls,6,0,20,0,1,20,45,25
Item:Blue shanty wall (New Horizons),Blue shanty wall,藍色鐵皮牆,藍色鐵皮牆,蓝色铁皮墙,ブルーのトタンかべ,True,File:Blue Shanty Wall NH Screenshot.jpg,藍色鐵皮牆_Blue_shanty_wall.jpg,images/wallpapers/藍色鐵皮牆_Blue_shanty_wall.webp,https://dodo.ac/np/images/3/3b/Blue_Shanty_Wall_NH_Screenshot.jpg,1280,720,178453,4925,RoomTexWallTin,2,4923,156,45,Nook's Cranny,shop,商店購買,タヌキ商店,Nook's Cranny,Blue,Blue,藍,ブルー,Blue,1.0.0,1,No,Tin Walls,8,0,20,0,1,20,45,26
Item:White subway-tile wall (New Horizons),White subway-tile wall,白色地鐵磚牆,白色地鐵磚牆,白色地铁砖墙,しろいメトロタイルのかべ,True,File:White Subway-Tile Wall NH Screenshot.jpg,白色地鐵磚牆_White_subway-tile_wall.jpg,images/wallpapers/白色地鐵磚牆_White_subway-tile_wall.webp,https://dodo.ac/np/images/e/e7/White_Subway-Tile_Wall_NH_Screenshot.jpg,1280,720,162021,4941,RoomTexWallMetro,1,4940,168,293,Nook's Cranny,shop,商店購買,タヌキ商店,Nook's Cranny,White,White,白,ホワイト,White,1.0.0,1,No,Metro Walls,1,0,20,0,1,20,47,27
Item:Blue subway-tile wall (New Horizons),Blue subway-tile wall,藍色地鐵磚牆,藍色地鐵磚牆,蓝色地铁砖墙,あおいメトロタイルのかべ,True,File:Blue Subway-Tile Wall NH Screenshot.jpg,藍色地鐵磚牆_Blue_subway-tile_wall.jpg,images/wallpapers/藍色地鐵磚牆_Blue_subway-tile_wall.webp,https://dodo.ac/np/images/4/4a/Blue_Subway-Tile_Wall_NH_Screenshot.jpg,1280,720,195553,4940,RoomTexWallMetro,0,4940,167,47,Nook's Cranny,shop,商店購買,タヌキ商店,Nook's Cranny,Blue,Aqua,藍 / 水藍,ブルー / アクア,Blue / Aqua,1.0.0,1,No,Metro Walls,8,0,20,0,1,20,47,28
Item:Common wall (New Horizons),Common wall,常見牆,常見牆,常见墙,よくあるかべ,True,File:Common Wall NH Screenshot.jpg,常見牆_Common_wall.jpg,images/wallpapers/常見牆_Common_wall.webp,https://dodo.ac/np/images/d/d7/Common_Wall_NH_Screenshot.jpg,1280,720,161377,4795,RoomTexWallCommon,0,4795,6,88,Nook's Cranny,shop,商店購買,タヌキ商店,Nook's Cranny,Beige,Brown,米 / 棕,ベージュ / ブラウン,Beige / Brown,1.0.0,1,No,Stone Walls,2,0,20,0,1,20,88,29
Item:Concrete wall (New Horizons),Concrete wall,混凝土牆,混凝土牆,混凝土墙,コンクリートのかべ,True,File:Concrete Wall NH Screenshot.jpg,混凝土牆_Concrete_wall.jpg,images/wallpapers/混凝土牆_Concrete_wall.webp,https://dodo.ac/np/images/d/d2/Concrete_Wall_NH_Screenshot.jpg,1280,720,131187,4890,RoomTexWallConcrete,0,4890,115,90,Nook's Cranny,shop,商店購買,タヌキ商店,Nook's Cranny,Gray,Gray,灰,グレー,Gray,1.0.0,1,No,Stone Walls,3,0,20,0,1,20,90,30
Item:Dirt-clod wall (New Horizons),Dirt-clod wall,破爛泥土牆,破爛泥土牆,破烂泥土墙,ボロいつちかべ,True,File:Dirt-Clod Wall NH Screenshot.jpg,破爛泥土牆_Dirt-clod_wall.jpg,images/wallpapers/破爛泥土牆_Dirt-clod_wall.webp,https://dodo.ac/np/images/0/0e/Dirt-Clod_Wall_NH_Screenshot.jpg,1280,720,168905,4856,RoomTexWallOldSoil,0,4856,72,102,Nook's Cranny,shop,商店購買,タヌキ商店,Nook's Cranny,Beige,Brown,米 / 棕,ベージュ / ブラウン,Beige / Brown,1.0.0,1,No,Stone Walls,2,0,20,0,1,20,102,31
Item:Rammed-earth wall (New Horizons),Rammed-earth wall,夯土牆,夯土牆,夯土墙,はんちくのかべ,True,File:Rammed-Earth Wall NH Screenshot.jpg,夯土牆_Rammed-earth_wall.jpg,images/wallpapers/夯土牆_Rammed-earth_wall.webp,https://dodo.ac/np/images/e/e4/Rammed-Earth_Wall_NH_Screenshot.jpg,1280,720,206630,4845,RoomTexWallHanchiku,0,4845,59,223,Nook's Cranny,shop,商店購買,タヌキ商店,Nook's Cranny,Brown,Beige,棕 / 米,ブラウン / ベージュ,Brown / Beige,1.0.0,1,No,Stone Walls,2,0,20,0,1,20,223,32
Item:Rustic-stone wall (New Horizons),Rustic-stone wall,不規則石頭牆,不規則石頭牆,不规则石头墙,ランダムストーンのかべ,True,File:Rustic-Stone Wall NH Screenshot.jpg,不規則石頭牆_Rustic-stone_wall.jpg,images/wallpapers/不規則石頭牆_Rustic-stone_wall.webp,https://dodo.ac/np/images/d/d2/Rustic-Stone_Wall_NH_Screenshot.jpg,1280,720,188319,4813,RoomTexWallStone,0,4813,22,244,Crafting,diy,DIY製作,DIYレシピ,Crafting,Gray,Gray,灰,グレー,Gray,1.0.0,1,No,Stone Walls,3,0,20,0,1,20,244,33
Item:Steel-frame wall (New Horizons),Steel-frame wall,鋼筋牆,鋼筋牆,钢架墙,てっこつのかべ,True,File:Steel-Frame Wall NH Screenshot.jpg,鋼筋牆_Steel-frame_wall.jpg,images/wallpapers/鋼筋牆_Steel-frame_wall.webp,https://dodo.ac/np/images/2/25/Steel-Frame_Wall_NH_Screenshot.jpg,1280,720,207130,4801,RoomTexWallSteel,0,4801,7,268,Crafting,diy,DIY製作,DIYレシピ,Crafting,Red,Gray,紅 / 灰,レッド / グレー,Red / Gray,1.0.0,1,No,Iron Walls,3,0,20,0,1,20,268,34
Item:Stone wall (New Horizons),Stone wall,石板牆,石板牆,石板墙,いしのかべ,True,File:Stone Wall NH Screenshot.jpg,石板牆_Stone_wall.jpg,images/wallpapers/石板牆_Stone_wall.webp,https://dodo.ac/np/images/4/4d/Stone_Wall_NH_Screenshot.jpg,1280,720,125569,5216,RoomTexWallBasement,0,5216,176,269,Crafting,diy,DIY製作,DIYレシピ,Crafting,Black,Gray,黑 / 灰,ブラック / グレー,Black / Gray,1.0.0,1,No,Stone Walls,3,0,20,0,1,20,269,35
Item:Monochromatic-tile wall (New Horizons),Monochromatic-tile wall,灰階配色磚牆,灰階配色磚牆,单色配色砖墙,モノクロタイルのかべ,True,File:Monochromatic-Tile Wall NH Screenshot.jpg,灰階配色磚牆_Monochromatic-tile_wall.jpg,images/wallpapers/灰階配色磚牆_Monochromatic-tile_wall.webp,https://dodo.ac/np/images/7/7f/Monochromatic-Tile_Wall_NH_Screenshot.jpg,1280,720,181568,4910,RoomTexWallTile,0,4910,140,171,Nook's Cranny,shop,商店購買,タヌキ商店,Nook's Cranny,Gray,White,灰 / 白,グレー / ホワイト,Gray / White,1.0.0,1,No,Tile Walls,3,0,30,0,1,30,7,36
Item:Aqua tile wall (New Horizons),Aqua tile wall,水藍色磚牆,水藍色磚牆,水蓝色砖墙,みずいろタイルのかべ,True,File:Aqua Tile Wall NH Screenshot.jpg,水藍色磚牆_Aqua_tile_wall.jpg,images/wallpapers/水藍色磚牆_Aqua_tile_wall.webp,https://dodo.ac/np/images/4/4f/Aqua_Tile_Wall_NH_Screenshot.jpg,1280,720,221298,4930,RoomTexWallTile,1,4910,141,7,Nook's Cranny,shop,商店購買,タヌキ商店,Nook's Cranny,Aqua,Aqua,水藍,アクア,Aqua,1.0.0,1,No,Tile Walls,8,0,30,0,1,30,7,37
Item:Blue tile wall (New Horizons),Blue tile wall,藍色磚牆,藍色磚牆,蓝色砖墙,あおいタイルのかべ,True,File:Blue Tile Wall NH Screenshot.jpg,藍色磚牆_Blue_tile_wall.jpg,images/wallpapers/藍色磚牆_Blue_tile_wall.webp,https://dodo.ac/np/images/7/74/Blue_Tile_Wall_NH_Screenshot.jpg,1280,720,200157,7127,RoomTexWallTile,3,4910,143,48,Nook's Cranny,shop,商店購買,タヌキ商店,Nook's Cranny,Blue,Blue,藍,ブルー,Blue,1.0.0,1,No,Tile Walls,8,0,30,0,1,30,7,38
Item:Colorful-tile wall (New Horizons),Colorful-tile wall,彩色磚牆,彩色磚牆,彩色砖墙,カラフルタイルのかべ,True,File:Colorful-Tile Wall NH Screenshot.jpg,彩色磚牆_Colorful-tile_wall.jpg,images/wallpapers/彩色磚牆_Colorful-tile_wall.webp,https://dodo.ac/np/images/2/21/Colorful-Tile_Wall_NH_Screenshot.jpg,1280,720,221968,4931,RoomTexWallTile,2,4910,142,87,Nook's Cranny,shop,商店購買,タヌキ商店,Nook's Cranny,Colorful,Colorful,彩色,カラフル,Colorful,1.0.0,1,No,Tile Walls,10,0,30,0,1,30,7,39
Item:Black two-toned tile wall (New Horizons),Black two-toned tile wall,灰階配色撞色磚牆,灰階配色撞色磚牆,单色配色撞色砖墙,モノクロツートンタイルのかべ,True,File:Black Two-Toned Tile Wall NH Screenshot.jpg,灰階配色撞色磚牆_Black_two-toned_tile_wall.jpg,images/wallpapers/灰階配色撞色磚牆_Black_two-toned_tile_wall.webp,https://dodo.ac/np/images/4/44/Black_Two-Toned_Tile_Wall_NH_Screenshot.jpg,1280,720,222683,6859,RoomTexWallTwoToneTile,6,6856,242,26,Nook's Cranny,shop,商店購買,タヌキ商店,Nook's Cranny,Black,Black,黑,ブラック,Black,1.0.0,1,No,Two-Tone Tile Walls,3,0,30,0,1,30,26,40
Item:Red two-toned tile wall (New Horizons),Red two-toned tile wall,紅色撞色磚牆,紅色撞色磚牆,红色撞色砖墙,あかいツートンタイルのかべ,True,File:Red Two-Toned Tile Wall NH Screenshot.jpg,紅色撞色磚牆_Red_two-toned_tile_wall.jpg,images/wallpapers/紅色撞色磚牆_Red_two-toned_tile_wall.webp,https://dodo.ac/np/images/c/c4/Red_Two-Toned_Tile_Wall_NH_Screenshot.jpg,1280,720,251773,6856,RoomTexWallTwoToneTile,3,6856,239,232,Nook's Cranny,shop,商店購買,タヌキ商店,Nook's Cranny,Red,Red,紅,レッド,Red,1.0.0,1,No,Two-Tone Tile Walls,6,0,30,0,1,30,26,41
Item:Peach two-toned tile wall (New Horizons),Peach two-toned tile wall,桃紅色撞色磚牆,桃紅色撞色磚牆,桃红色撞色砖墙,ももいろツートンタイルのかべ,True,File:Peach Two-Toned Tile Wall NH Screenshot.jpg,桃紅色撞色磚牆_Peach_two-toned_tile_wall.jpg,images/wallpapers/桃紅色撞色磚牆_Peach_two-toned_tile_wall.webp,https://dodo.ac/np/images/f/f2/Peach_Two-Toned_Tile_Wall_NH_Screenshot.jpg,1280,720,222487,6857,RoomTexWallTwoToneTile,4,6856,240,198,Nook's Cranny,shop,商店購買,タヌキ商店,Nook's Cranny,Pink,Pink,粉紅,ピンク,Pink,1.0.0,1,No,Two-Tone Tile Walls,6,0,30,0,1,30,26,42
Item:Blue two-toned tile wall (New Horizons),Blue two-toned tile wall,藍色撞色磚牆,藍色撞色磚牆,蓝色撞色砖墙,あおいツートンタイルのかべ,True,File:Blue Two-Toned Tile Wall NH Screenshot.jpg,藍色撞色磚牆_Blue_two-toned_tile_wall.jpg,images/wallpapers/藍色撞色磚牆_Blue_two-toned_tile_wall.webp,https://dodo.ac/np/images/1/18/Blue_Two-Toned_Tile_Wall_NH_Screenshot.jpg,1280,720,246974,6858,RoomTexWallTwoToneTile,5,6856,241,49,Nook's Cranny,shop,商店購買,タヌキ商店,Nook's Cranny,Blue,Blue,藍,ブルー,Blue,1.0.0,1,No,Two-Tone Tile Walls,8,0,30,0,1,30,26,43
Item:White honeycomb-tile wall (New Horizons),White honeycomb-tile wall,白色六角磚牆,白色六角磚牆,白色六角砖墙,しろいハニカムタイルのかべ,False,File:White_Honeycomb-Tile_Wall_NH_Icon.png,白色六角磚牆_White_honeycomb-tile_wall.png,images/wallpapers/白色六角磚牆_White_honeycomb-tile_wall.webp,https://dodo.ac/np/images/b/bc/White_Honeycomb-Tile_Wall_NH_Icon.png,128,128,14907,4914,RoomTexWallHoneycomb,3,4909,139,289,Nook's Cranny,shop,商店購買,タヌキ商店,Nook's Cranny,White,White,白,ホワイト,White,1.0.0,1,No,Honeycomb,1,0,30,0,1,30,37,44
Item:Honeycomb-tile wall (New Horizons),Honeycomb-tile wall,六角磚牆,六角磚牆,六角砖墙,ハニカムタイルのかべ,True,File:Honeycomb-Tile Wall NH Screenshot.jpg,六角磚牆_Honeycomb-tile_wall.jpg,images/wallpapers/六角磚牆_Honeycomb-tile_wall.webp,https://dodo.ac/np/images/a/a3/Honeycomb-Tile_Wall_NH_Screenshot.jpg,1280,720,188059,4909,RoomTexWallHoneycomb,0,4909,136,142,Nook's Cranny,shop,商店購買,タヌキ商店,Nook's Cranny,Brown,Brown,棕,ブラウン,Brown,1.0.0,1,No,Honeycomb,2,0,30,0,1,30,37,45
Item:Green honeycomb-tile wall (New Horizons),Green honeycomb-tile wall,綠色六角磚牆,綠色六角磚牆,绿色六角砖墙,みどりのハニカムタイルのかべ,True,File:Green Honeycomb-Tile Wall NH Screenshot.jpg,綠色六角磚牆_Green_honeycomb-tile_wall.jpg,images/wallpapers/綠色六角磚牆_Green_honeycomb-tile_wall.webp,https://dodo.ac/np/images/0/04/Green_Honeycomb-Tile_Wall_NH_Screenshot.jpg,1280,720,191582,4913,RoomTexWallHoneycomb,2,4909,138,128,Nook's Cranny,shop,商店購買,タヌキ商店,Nook's Cranny,Green,Green,綠,グリーン,Green,1.0.0,1,No,Honeycomb,7,0,30,0,1,30,37,46
Item:Blue honeycomb-tile wall (New Horizons),Blue honeycomb-tile wall,藍色六角磚牆,藍色六角磚牆,蓝色六角砖墙,あおいハニカムタイルのかべ,True,File:Blue Honeycomb-Tile Wall NH Screenshot.jpg,藍色六角磚牆_Blue_honeycomb-tile_wall.jpg,images/wallpapers/藍色六角磚牆_Blue_honeycomb-tile_wall.webp,https://dodo.ac/np/images/a/ac/Blue_Honeycomb-Tile_Wall_NH_Screenshot.jpg,1280,720,188880,4912,RoomTexWallHoneycomb,1,4909,137,37,Nook's Cranny,shop,商店購買,タヌキ商店,Nook's Cranny,Blue,Blue,藍,ブルー,Blue,1.0.0,1,No,Honeycomb,8,0,30,0,1,30,37,47
Item:Honeycomb wall (New Horizons),Honeycomb wall,蜂巢牆,蜂巢牆,蜂巢墙,ビーハイブなかべ,True,File:Honeycomb Wall NH Screenshot.jpg,蜂巢牆_Honeycomb_wall.jpg,images/wallpapers/蜂巢牆_Honeycomb_wall.webp,https://dodo.ac/np/images/3/3c/Honeycomb_Wall_NH_Screenshot.jpg,1280,720,240586,4865,RoomTexWallHoney,0,4865,81,141,Crafting,diy,DIY製作,DIYレシピ,Crafting,Yellow,Yellow,黃,イエロー,Yellow,1.0.0,1,No,Tile Walls,5,0,30,0,1,30,141,48
Item:Mosaic-tile wall (New Horizons),Mosaic-tile wall,馬賽克磚牆,馬賽克磚牆,马赛克砖墙,アートモザイクタイルのかべ,True,File:Mosaic-Tile Wall NH Screenshot.jpg,馬賽克磚牆_Mosaic-tile_wall.jpg,images/wallpapers/馬賽克磚牆_Mosaic-tile_wall.webp,https://dodo.ac/np/images/2/25/Mosaic-Tile_Wall_NH_Screenshot.jpg,1280,720,265546,4862,RoomTexWallMosaicTile,0,4862,78,173,Nook's Cranny,shop,商店購買,タヌキ商店,Nook's Cranny,Black,White,黑 / 白,ブラック / ホワイト,Black / White,1.0.0,1,No,Tile Walls,1,0,30,0,1,30,173,49
Item:Wavy-tile wall (New Horizons),Wavy-tile wall,波浪磚牆,波浪磚牆,波浪砖墙,ウェーブタイルのかべ,True,File:Wavy-Tile Wall NH Screenshot.jpg,波浪磚牆_Wavy-tile_wall.jpg,images/wallpapers/波浪磚牆_Wavy-tile_wall.webp,https://dodo.ac/np/images/c/cf/Wavy-Tile_Wall_NH_Screenshot.jpg,1280,720,118172,4832,RoomTexWallWaveTile,0,4832,44,282,Nook's Cranny,shop,商店購買,タヌキ商店,Nook's Cranny,Gray,White,灰 / 白,グレー / ホワイト,Gray / White,1.0.0,1,No,Tile Walls,1,0,30,0,1,30,282,50
Item:Abstract wall (New Horizons),Abstract wall,抽象藝術牆,抽象藝術牆,抽象艺术墙,アブストラクトなかべ,True,File:Abstract Wall NH Screenshot.jpg,抽象藝術牆_Abstract_wall.jpg,images/wallpapers/抽象藝術牆_Abstract_wall.webp,https://dodo.ac/np/images/b/bb/Abstract_Wall_NH_Screenshot.jpg,1280,720,199117,4873,RoomTexWallAbstract,0,4873,91,1,Nook's Cranny,shop,商店購買,タヌキ商店,Nook's Cranny,White,Colorful,白 / 彩色,ホワイト / カラフル,White / Colorful,1.0.0,1,No,Cloth Walls,1,0,40,0,1,40,1,51
Item:Beaded-curtain wall (New Horizons),Beaded-curtain wall,珠簾牆,珠簾牆,珠帘墙,たまのれんのかべ,True,File:Beaded-Curtain Wall NH Screenshot.jpg,珠簾牆_Beaded-curtain_wall.jpg,images/wallpapers/珠簾牆_Beaded-curtain_wall.webp,https://dodo.ac/np/images/6/62/Beaded-Curtain_Wall_NH_Screenshot.jpg,1280,720,284826,4877,RoomTexWallBeadsCurtain,0,4877,97,18,Nook's Cranny,shop,商店購買,タヌキ商店,Nook's Cranny,White,Orange,白 / 橘,ホワイト / オレンジ,White / Orange,1.0.0,1,No,Cloth Walls,1,0,40,0,1,40,18,52
Item:White simple-cloth wall (New Horizons),White simple-cloth wall,白色簡約布面牆,白色簡約布面牆,白色简约布面墙,しろいシンプルクロス,True,File:White Simple-Cloth Wall NH Screenshot.jpg,白色簡約布面牆_White_simple-cloth_wall.jpg,images/wallpapers/白色簡約布面牆_White_simple-cloth_wall.webp,https://dodo.ac/np/images/e/e6/White_Simple-Cloth_Wall_NH_Screenshot.jpg,1280,720,134808,4939,RoomTexWallSimple,0,4867,83,292,Nook's Cranny,shop,商店購買,タヌキ商店,Nook's Cranny,White,White,白,ホワイト,White,1.0.0,1,No,Simple Walls,1,0,40,0,1,40,46,53
Item:Yellow simple-cloth wall (New Horizons),Yellow simple-cloth wall,米色簡約布面牆,米色簡約布面牆,米色简约布面墙,ベージュのシンプルクロス,True,File:Yellow Simple-Cloth Wall NH Screenshot.jpg,米色簡約布面牆_Yellow_simple-cloth_wall.jpg,images/wallpapers/米色簡約布面牆_Yellow_simple-cloth_wall.webp,https://dodo.ac/np/images/a/a1/Yellow_Simple-Cloth_Wall_NH_Screenshot.jpg,1280,720,146430,4867,RoomTexWallSimple,1,4867,84,309,Nook's Cranny,shop,商店購買,タヌキ商店,Nook's Cranny,Beige,Yellow,米 / 黃,ベージュ / イエロー,Beige / Yellow,1.0.0,1,No,Simple Walls,2,0,40,0,1,40,46,54
Item:Pink simple-cloth wall (New Horizons),Pink simple-cloth wall,粉紅簡約布面牆,粉紅簡約布面牆,粉红简约布面墙,ピンクのシンプルクロス,True,File:Pink Simple-Cloth Wall NH Screenshot.jpg,粉紅簡約布面牆_Pink_simple-cloth_wall.jpg,images/wallpapers/粉紅簡約布面牆_Pink_simple-cloth_wall.webp,https://dodo.ac/np/images/b/b9/Pink_Simple-Cloth_Wall_NH_Screenshot.jpg,1280,720,134263,4868,RoomTexWallSimple,2,4867,85,211,Nook's Cranny,shop,商店購買,タヌキ商店,Nook's Cranny,Pink,Pink,粉紅,ピンク,Pink,1.0.0,1,No,Simple Walls,6,0,40,0,1,40,46,55
Item:Blue simple-cloth wall (New Horizons),Blue simple-cloth wall,藍色簡約布面牆,藍色簡約布面牆,蓝色简约布面墙,あおいシンプルクロス,True,File:Blue Simple-Cloth Wall NH Screenshot.jpg,藍色簡約布面牆_Blue_simple-cloth_wall.jpg,images/wallpapers/藍色簡約布面牆_Blue_simple-cloth_wall.webp,https://dodo.ac/np/images/c/c2/Blue_Simple-Cloth_Wall_NH_Screenshot.jpg,1280,720,135491,4869,RoomTexWallSimple,3,4867,86,46,Nook's Cranny,shop,商店購買,タヌキ商店,Nook's Cranny,Blue,Aqua,藍 / 水藍,ブルー / アクア,Blue / Aqua,1.0.0,1,No,Simple Walls,8,0,40,0,1,40,46,56
Item:Yellow-paint wall (New Horizons),Yellow-paint wall,黃色油漆牆,黃色油漆牆,黄色油漆墙,きいろいペイントウォール,True,File:Yellow-Paint Wall NH Screenshot.jpg,黃色油漆牆_Yellow-paint_wall.jpg,images/wallpapers/黃色油漆牆_Yellow-paint_wall.webp,https://dodo.ac/np/images/0/01/Yellow-Paint_Wall_NH_Screenshot.jpg,1280,720,157605,4808,RoomTexWallStucco,0,4808,18,310,Nook's Cranny,shop,商店購買,タヌキ商店,Nook's Cranny,Yellow,Yellow,黃,イエロー,Yellow,1.0.0,1,No,Stucco Walls,5,0,40,0,1,40,51,57
Item:Orange-paint wall (New Horizons),Orange-paint wall,橘色油漆牆,橘色油漆牆,橘色油漆墙,オレンジのペイントウォール,True,File:Orange-Paint Wall NH Screenshot.jpg,橘色油漆牆_Orange-paint_wall.jpg,images/wallpapers/橘色油漆牆_Orange-paint_wall.webp,https://dodo.ac/np/images/b/b2/Orange-Paint_Wall_NH_Screenshot.jpg,1280,720,155263,4809,RoomTexWallStucco,1,4808,19,189,Nook's Cranny,shop,商店購買,タヌキ商店,Nook's Cranny,Orange,Orange,橘,オレンジ,Orange,1.0.0,1,No,Stucco Walls,5,0,40,0,1,40,51,58
Item:Green-paint wall (New Horizons),Green-paint wall,綠色油漆牆,綠色油漆牆,绿色油漆墙,みどりのペイントウォール,True,File:Green-Paint Wall NH Screenshot.jpg,綠色油漆牆_Green-paint_wall.jpg,images/wallpapers/綠色油漆牆_Green-paint_wall.webp,https://dodo.ac/np/images/6/6e/Green-Paint_Wall_NH_Screenshot.jpg,1280,720,132447,4812,RoomTexWallStucco,4,4808,21,134,Nook's Cranny,shop,商店購買,タヌキ商店,Nook's Cranny,Green,Green,綠,グリーン,Green,1.0.0,1,No,Stucco Walls,7,0,40,0,1,40,51,59
Item:Blue-paint wall (New Horizons),Blue-paint wall,藍色油漆牆,藍色油漆牆,蓝色油漆墙,あおいペイントウォール,True,File:Blue-Paint Wall NH Screenshot.jpg,藍色油漆牆_Blue-paint_wall.jpg,images/wallpapers/藍色油漆牆_Blue-paint_wall.webp,https://dodo.ac/np/images/9/95/Blue-Paint_Wall_NH_Screenshot.jpg,1280,720,144552,4811,RoomTexWallStucco,3,4808,20,51,Nook's Cranny,shop,商店購買,タヌキ商店,Nook's Cranny,Blue,Blue,藍,ブルー,Blue,1.0.0,1,No,Stucco Walls,8,0,40,0,1,40,51,60
Item:Gray-striped wall (New Horizons),Gray-striped wall,灰階配色條紋壁紙,灰階配色條紋壁紙,单色配色条纹壁纸,モノクロストライプのかべがみ,True,File:Gray-Striped Wall NH Screenshot.jpg,灰階配色條紋壁紙_Gray-striped_wall.jpg,images/wallpapers/灰階配色條紋壁紙_Gray-striped_wall.webp,https://dodo.ac/np/images/9/9d/Gray-Striped_Wall_NH_Screenshot.jpg,1280,720,171304,4944,RoomTexWallStripe,2,4943,170,124,Nook's Cranny,shop,商店購買,タヌキ商店,Nook's Cranny,Gray,White,灰 / 白,グレー / ホワイト,Gray / White,1.0.0,1,No,Stripe Walls,3,0,40,0,1,40,53,61
Item:Yellow-striped wall (New Horizons),Yellow-striped wall,黃色條紋壁紙,黃色條紋壁紙,黄色条纹壁纸,イエローストライプのかべがみ,True,File:Yellow-Striped Wall NH Screenshot.jpg,黃色條紋壁紙_Yellow-striped_wall.jpg,images/wallpapers/黃色條紋壁紙_Yellow-striped_wall.webp,https://dodo.ac/np/images/0/00/Yellow-Striped_Wall_NH_Screenshot.jpg,1280,720,169300,4946,RoomTexWallStripe,4,4943,172,311,Nook's Cranny,shop,商店購買,タヌキ商店,Nook's Cranny,Yellow,Beige,黃 / 米,イエロー / ベージュ,Yellow / Beige,1.0.0,1,No,Stripe Walls,5,0,40,0,1,40,53,62
Item:Pink-striped wall (New Horizons),Pink-striped wall,粉紅條紋壁紙,粉紅條紋壁紙,粉红条纹壁纸,ピンクストライプのかべがみ,True,File:Pink-Striped Wall NH Screenshot.jpg,粉紅條紋壁紙_Pink-striped_wall.jpg,images/wallpapers/粉紅條紋壁紙_Pink-striped_wall.webp,https://dodo.ac/np/images/f/fa/Pink-Striped_Wall_NH_Screenshot.jpg,1280,720,167157,4943,RoomTexWallStripe,1,4943,169,213,Nook's Cranny,shop,商店購買,タヌキ商店,Nook's Cranny,Pink,White,粉紅 / 白,ピンク / ホワイト,Pink / White,1.0.0,1,No,Stripe Walls,6,0,40,0,1,40,53,63
Item:Blue-striped wall (New Horizons),Blue-striped wall,藍色條紋壁紙,藍色條紋壁紙,蓝色条纹壁纸,ブルーストライプのかべがみ,True,File:Blue-Striped Wall NH Screenshot.jpg,藍色條紋壁紙_Blue-striped_wall.jpg,images/wallpapers/藍色條紋壁紙_Blue-striped_wall.webp,https://dodo.ac/np/images/8/88/Blue-Striped_Wall_NH_Screenshot.jpg,1280,720,180731,4945,RoomTexWallStripe,3,4943,171,53,Nook's Cranny,shop,商店購買,タヌキ商店,Nook's Cranny,Blue,White,藍 / 白,ブルー / ホワイト,Blue / White,1.0.0,1,No,Stripe Walls,8,0,40,0,1,40,53,64
Item:Bunny Day wall (New Horizons),Bunny Day wall,復活節壁紙,復活節壁紙,复活节壁纸,イースターなかべがみ,True,File:Bunny Day Wall NH Screenshot.jpg,復活節壁紙_Bunny_Day_wall.jpg,images/wallpapers/復活節壁紙_Bunny_Day_wall.webp,https://dodo.ac/np/images/2/2d/Bunny_Day_Wall_NH_Screenshot.jpg,1280,720,183954,5231,RoomTexWallEaster,0,5231,190,64,Crafting,diy,DIY製作,DIYレシピ,Crafting,Yellow,Colorful,黃 / 彩色,イエロー / カラフル,Yellow / Colorful,1.1.0,1,No,Cloth Walls,5,0,40,0,1,40,64,65
Item:Chic wall (New Horizons),Chic wall,古典壁紙,古典壁紙,古典壁纸,クラシックなかべがみ,True,File:Chic Wall NH Screenshot.jpg,古典壁紙_Chic_wall.jpg,images/wallpapers/古典壁紙_Chic_wall.webp,https://dodo.ac/np/images/d/d0/Chic_Wall_NH_Screenshot.jpg,1280,720,270880,4828,RoomTexWallClassic,0,4828,37,75,Nook's Cranny,shop,商店購買,タヌキ商店,Nook's Cranny,Yellow,Beige,黃 / 米,イエロー / ベージュ,Yellow / Beige,1.0.0,1,No,Cloth Walls,2,0,40,0,1,40,75,66
Item:Groovy wall (New Horizons),Groovy wall,迷幻壁紙,迷幻壁紙,迷幻壁纸,サイケなかべがみ,True,File:Groovy Wall NH Screenshot.jpg,迷幻壁紙_Groovy_wall.jpg,images/wallpapers/迷幻壁紙_Groovy_wall.webp,https://dodo.ac/np/images/3/33/Groovy_Wall_NH_Screenshot.jpg,1280,720,304795,4846,RoomTexWallPsyche,0,4846,60,136,Nook's Cranny,shop,商店購買,タヌキ商店,Nook's Cranny,Orange,Orange,橘,オレンジ,Orange,1.0.0,1,No,Cloth Walls,5,0,40,0,1,40,136,67
Item:Marine pop wall (New Horizons),Marine pop wall,魚兒壁紙,魚兒壁紙,鱼儿壁纸,おサカナのかべがみ,True,File:Marine Pop Wall NH Screenshot.jpg,魚兒壁紙_Marine_pop_wall.jpg,images/wallpapers/魚兒壁紙_Marine_pop_wall.webp,https://dodo.ac/np/images/b/bc/Marine_Pop_Wall_NH_Screenshot.jpg,1280,720,183108,4879,RoomTexWallFish,0,4879,99,161,C.J.,npc,活動/NPC,イベント/住民,Event / Special NPC,Aqua,Blue,水藍 / 藍,アクア / ブルー,Aqua / Blue,1.0.0,1,No,Cloth Walls,8,0,40,0,1,40,161,68
Item:Mod wall (New Horizons),Mod wall,引人入勝牆,引人入勝牆,引人入胜墙,キャッチーなかべ,True,File:Mod Wall NH Screenshot.jpg,引人入勝牆_Mod_wall.jpg,images/wallpapers/引人入勝牆_Mod_wall.webp,https://dodo.ac/np/images/8/80/Mod_Wall_NH_Screenshot.jpg,1280,720,236433,4908,RoomTexWallMod,0,4908,135,165,Nook's Cranny,shop,商店購買,タヌキ商店,Nook's Cranny,Orange,Orange,橘,オレンジ,Orange,1.0.0,1,No,Cloth Walls,5,0,40,0,1,40,165,69
Item:Monochromatic dotted wall (New Horizons),Monochromatic dotted wall,灰階配色點點壁紙,灰階配色點點壁紙,单色配色点点壁纸,モノクロドットのかべがみ,True,File:Monochromatic Dotted Wall NH Screenshot.jpg,灰階配色點點壁紙_Monochromatic_dotted_wall.jpg,images/wallpapers/灰階配色點點壁紙_Monochromatic_dotted_wall.webp,https://dodo.ac/np/images/9/9b/Monochromatic_Dotted_Wall_NH_Screenshot.jpg,1280,720,146394,4892,RoomTexWallDot,0,4892,120,170,Nook's Cranny,shop,商店購買,タヌキ商店,Nook's Cranny,Gray,White,灰 / 白,グレー / ホワイト,Gray / White,1.0.0,1,No,Dot,3,0,40,0,1,40,170,70
Item:Pastel dotted wall (New Horizons),Pastel dotted wall,粉嫩圓點壁紙,粉嫩圓點壁紙,粉嫩点点壁纸,パステルドットのかべがみ,True,File:Pastel Dotted Wall NH Screenshot.jpg,粉嫩圓點壁紙_Pastel_dotted_wall.jpg,images/wallpapers/粉嫩圓點壁紙_Pastel_dotted_wall.webp,https://dodo.ac/np/images/9/97/Pastel_Dotted_Wall_NH_Screenshot.jpg,1280,720,166903,4899,RoomTexWallDot,1,4892,121,195,Nook's Cranny,shop,商店購買,タヌキ商店,Nook's Cranny,White,Colorful,白 / 彩色,ホワイト / カラフル,White / Colorful,1.0.0,1,No,Dot,6,0,40,0,1,40,170,71
Item:Red dotted wall (New Horizons),Red dotted wall,紅色圓點壁紙,紅色圓點壁紙,红色点点壁纸,レッドドットのかべがみ,True,File:Red Dotted Wall NH Screenshot.jpg,紅色圓點壁紙_Red_dotted_wall.jpg,images/wallpapers/紅色圓點壁紙_Red_dotted_wall.webp,https://dodo.ac/np/images/5/52/Red_Dotted_Wall_NH_Screenshot.jpg,1280,720,159953,4900,RoomTexWallDot,2,4892,122,227,Nook's Cranny,shop,商店購買,タヌキ商店,Nook's Cranny,Red,Red,紅,レッド,Red,1.0.0,1,No,Dot,6,0,40,0,1,40,170,72
Item:Purple dotted wall (New Horizons),Purple dotted wall,紫色圓點壁紙,紫色圓點壁紙,紫色点点壁纸,パープルドットのかべがみ,True,File:Purple Dotted Wall NH Screenshot.jpg,紫色圓點壁紙_Purple_dotted_wall.jpg,images/wallpapers/紫色圓點壁紙_Purple_dotted_wall.webp,https://dodo.ac/np/images/4/4e/Purple_Dotted_Wall_NH_Screenshot.jpg,1280,720,162188,4902,RoomTexWallDot,4,4892,123,218,Nook's Cranny,shop,商店購買,タヌキ商店,Nook's Cranny,Purple,White,紫 / 白,パープル / ホワイト,Purple / White,1.0.0,1,No,Dot,9,0,40,0,1,40,170,73
Item:Mush wall (New Horizons),Mush wall,蘑菇壁紙,蘑菇壁紙,蘑菇壁纸,キノコのかべがみ,True,File:Mush Wall NH Screenshot.jpg,蘑菇壁紙_Mush_wall.jpg,images/wallpapers/蘑菇壁紙_Mush_wall.webp,https://dodo.ac/np/images/6/6f/Mush_Wall_NH_Screenshot.jpg,1280,720,216849,5164,RoomTexWallMush,0,5164,174,176,Crafting,diy,DIY製作,DIYレシピ,Crafting,Orange,Brown,橘 / 棕,オレンジ / ブラウン,Orange / Brown,1.0.0,1,No,Cloth Walls,2,0,40,0,1,40,176,74
Item:Nook Inc. wall (New Horizons),Nook Inc. wall,Nook Inc.壁紙,Nook Inc.壁紙,Nook Inc.壁纸,たぬきかいはつのかべがみ,True,File:Nook Inc. Wall NH Screenshot.jpg,Nook_Inc.壁紙_Nook_Inc._wall.jpg,images/wallpapers/Nook_Inc.壁紙_Nook_Inc._wall.webp,https://dodo.ac/np/images/9/9d/Nook_Inc._Wall_NH_Screenshot.jpg,1280,720,248947,6004,RoomTexWallFirst,0,6004,238,179,Nook Miles Redemption,miles,哩數兌換,マイル交換,Nook Miles,White,Aqua,白 / 水藍,ホワイト / アクア,White / Aqua,1.0.0,1,No,Cloth Walls,1,0,40,0,1,40,179,75
Item:Old wallpaper (New Horizons),Old wallpaper,破爛壁紙,破爛壁紙,破烂壁纸,ボロいかべがみ,True,File:Old Wallpaper NH Screenshot.jpg,破爛壁紙_Old_wallpaper.jpg,images/wallpapers/破爛壁紙_Old_wallpaper.webp,https://dodo.ac/np/images/6/67/Old_Wallpaper_NH_Screenshot.jpg,1280,720,193897,4857,RoomTexWallOld,0,4857,73,182,Nook's Cranny,shop,商店購買,タヌキ商店,Nook's Cranny,Beige,Beige,米,ベージュ,Beige,1.0.0,1,No,Cloth Walls,2,0,40,0,1,40,182,76
Item:Party wall (New Horizons),Party wall,派對壁紙,派對壁紙,派对壁纸,パーティーなかべがみ,True,File:Party Wall NH Screenshot.jpg,派對壁紙_Party_wall.jpg,images/wallpapers/派對壁紙_Party_wall.webp,https://dodo.ac/np/images/8/8d/Party_Wall_NH_Screenshot.jpg,1280,720,221515,5226,RoomTexWallParty,0,5226,185,194,Birthday,npc,活動/NPC,イベント/住民,Event / Special NPC,Colorful,White,彩色 / 白,カラフル / ホワイト,Colorful / White,1.0.0,1,No,Cloth Walls,1,0,40,0,1,40,194,77
Item:Retro flower-print wall (New Horizons),Retro flower-print wall,復古花紋壁紙,復古花紋壁紙,复古花纹壁纸,レトロなはながらのかべがみ,True,File:Retro Flower-Print Wall NH Screenshot.jpg,復古花紋壁紙_Retro_flower-print_wall.jpg,images/wallpapers/復古花紋壁紙_Retro_flower-print_wall.webp,https://dodo.ac/np/images/a/a1/Retro_Flower-Print_Wall_NH_Screenshot.jpg,1280,720,250876,4847,RoomTexWallKitsch,0,4847,61,234,Nook's Cranny,shop,商店購買,タヌキ商店,Nook's Cranny,Green,Green,綠,グリーン,Green,1.0.0,1,No,Cloth Walls,7,0,40,0,1,40,234,78
Item:Snowflake wall (New Horizons),Snowflake wall,雪花壁紙,雪花壁紙,雪花壁纸,スノーフレークのかべがみ,True,File:Snowflake Wall NH Screenshot.jpg,雪花壁紙_Snowflake_wall.jpg,images/wallpapers/雪花壁紙_Snowflake_wall.webp,https://dodo.ac/np/images/4/40/Snowflake_Wall_NH_Screenshot.jpg,1280,720,211583,4855,RoomTexWallSnowCrystal,0,4855,71,258,Crafting,diy,DIY製作,DIYレシピ,Crafting,Aqua,Aqua,水藍,アクア,Aqua,1.0.0,1,No,Cloth Walls,8,0,40,0,1,40,258,79
Item:Spooky wall (New Horizons),Spooky wall,萬聖節牆,萬聖節牆,万圣节墙,ハロウィンなかべ,True,File:Spooky Wall NH Screenshot.jpg,萬聖節牆_Spooky_wall.jpg,images/wallpapers/萬聖節牆_Spooky_wall.webp,https://dodo.ac/np/images/a/a8/Spooky_Wall_NH_Screenshot.jpg,1280,720,208780,13224,RoomTexWallHalloween,0,13224,291,260,All villagers,npc,活動/NPC,イベント/住民,Event / Special NPC,Orange,Purple,橘 / 紫,オレンジ / パープル,Orange / Purple,1.5.0,1,No,Stripe Walls,5,0,40,0,1,40,260,80
Item:Turkey Day wall (New Horizons),Turkey Day wall,感恩節牆,感恩節牆,感恩节墙,サンクスギビングなかべ,True,File:Turkey Day Wall NH Screenshot.jpg,感恩節牆_Turkey_Day_wall.jpg,images/wallpapers/感恩節牆_Turkey_Day_wall.webp,https://dodo.ac/np/images/9/9f/Turkey_Day_Wall_NH_Screenshot.jpg,1280,720,163155,13318,RoomTexWallHarvest,0,13318,293,280,Franklin,npc,活動/NPC,イベント/住民,Event / Special NPC,Beige,Beige,米,ベージュ,Beige,1.6.0,1,No,Cloth Walls,2,0,40,0,1,40,280,81
Item:Wedding-party wall (New Horizons),Wedding-party wall,婚禮派對牆,婚禮派對牆,婚礼派对墙,ウェディングパーティーのかべ,True,File:Wedding-Party Wall NH Screenshot.jpg,婚禮派對牆_Wedding-party_wall.jpg,images/wallpapers/婚禮派對牆_Wedding-party_wall.webp,https://dodo.ac/np/images/3/39/Wedding-Party_Wall_NH_Screenshot.jpg,1280,720,164005,12461,RoomTexWallJuneBride,0,12461,265,283,Cyrus,npc,活動/NPC,イベント/住民,Event / Special NPC,White,White,白,ホワイト,White,1.2.0,1,No,Cloth Walls,1,0,40,0,1,40,283,82
Item:Standard tearoom wall (New Horizons),Standard tearoom wall,標準茶室牆,標準茶室牆,标准茶室墙,スタンダードなちゃしつのかべ,True,File:Standard Tearoom Wall NH Screenshot.jpg,標準茶室牆_Standard_tearoom_wall.jpg,images/wallpapers/標準茶室牆_Standard_tearoom_wall.webp,https://dodo.ac/np/images/1/17/Standard_Tearoom_Wall_NH_Screenshot.jpg,1280,720,198219,5521,RoomTexWallMud,0,5521,230,263,Nook's Cranny,shop,商店購買,タヌキ商店,Nook's Cranny,Green,Green,綠,グリーン,Green,1.0.0,1,No,Tea Room Walls,2,0,50,0,1,50,74,83
Item:Soothing tearoom wall (New Horizons),Soothing tearoom wall,穩重茶室牆,穩重茶室牆,稳重茶室墙,おちついたちゃしつのかべ,True,File:Soothing Tearoom Wall NH Screenshot.jpg,穩重茶室牆_Soothing_tearoom_wall.jpg,images/wallpapers/穩重茶室牆_Soothing_tearoom_wall.webp,https://dodo.ac/np/images/e/e8/Soothing_Tearoom_Wall_NH_Screenshot.jpg,1280,720,179443,11177,RoomTexWallMud,1,5521,231,259,Nook's Cranny,shop,商店購買,タヌキ商店,Nook's Cranny,White,Beige,白 / 米,ホワイト / ベージュ,White / Beige,1.0.0,1,No,Tea Room Walls,2,0,50,0,1,50,74,84
Item:Modern tearoom wall (New Horizons),Modern tearoom wall,摩登茶室牆,摩登茶室牆,摩登茶室墙,モダンなちゃしつのかべ,True,File:Modern Tearoom Wall NH Screenshot.jpg,摩登茶室牆_Modern_tearoom_wall.jpg,images/wallpapers/摩登茶室牆_Modern_tearoom_wall.webp,https://dodo.ac/np/images/8/8b/Modern_Tearoom_Wall_NH_Screenshot.jpg,1280,720,172146,11178,RoomTexWallMud,2,5521,232,168,Nook's Cranny,shop,商店購買,タヌキ商店,Nook's Cranny,Brown,Brown,棕,ブラウン,Brown,1.0.0,1,No,Tea Room Walls,2,0,50,0,1,50,74,85
Item:Chic tearoom wall (New Horizons),Chic tearoom wall,典雅茶室牆,典雅茶室牆,典雅茶室墙,シックなちゃしつのかべ,True,File:Chic Tearoom Wall NH Screenshot.jpg,典雅茶室牆_Chic_tearoom_wall.jpg,images/wallpapers/典雅茶室牆_Chic_tearoom_wall.webp,https://dodo.ac/np/images/d/d2/Chic_Tearoom_Wall_NH_Screenshot.jpg,1280,720,177637,11176,RoomTexWallMud,3,5521,233,74,Nook's Cranny,shop,商店購買,タヌキ商店,Nook's Cranny,Black,Black,黑,ブラック,Black,1.0.0,1,No,Tea Room Walls,2,0,50,0,1,50,74,86
Item:Crepe-design wall (New Horizons),Crepe-design wall,縐紗紋壁紙,縐紗紋壁紙,绉纱纹壁纸,ちりめんもようのかべがみ,True,File:Crepe-Design Wall NH Screenshot.jpg,縐紗紋壁紙_Crepe-design_wall.jpg,images/wallpapers/縐紗紋壁紙_Crepe-design_wall.webp,https://dodo.ac/np/images/b/be/Crepe-Design_Wall_NH_Screenshot.jpg,1280,720,345832,4841,RoomTexWallCrepe,0,4841,55,92,Nook's Cranny,shop,商店購買,タヌキ商店,Nook's Cranny,White,Colorful,白 / 彩色,ホワイト / カラフル,White / Colorful,1.0.0,1,No,Japanese Style,1,0,50,0,1,50,92,87
Item:Gold-screen wall (New Horizons),Gold-screen wall,金箔日式拉門,金箔日式拉門,金箔日式拉门,きんぱくのふすま,True,File:Gold-Screen Wall NH Screenshot.jpg,金箔日式拉門_Gold-screen_wall.jpg,images/wallpapers/金箔日式拉門_Gold-screen_wall.webp,https://dodo.ac/np/images/6/61/Gold-Screen_Wall_NH_Screenshot.jpg,1280,720,208505,4820,RoomTexWallFusumaGorgeous,0,4820,30,116,Crafting,diy,DIY製作,DIYレシピ,Crafting,Yellow,Yellow,黃,イエロー,Yellow,1.0.0,1,No,Japanese Style,5,0,50,0,1,50,116,88
Item:Screen wall (New Horizons),Screen wall,日式拉門,日式拉門,日式拉门,ふすま,True,File:Screen Wall NH Screenshot.jpg,日式拉門_Screen_wall.jpg,images/wallpapers/日式拉門_Screen_wall.webp,https://dodo.ac/np/images/4/4f/Screen_Wall_NH_Screenshot.jpg,1280,720,182943,4819,RoomTexWallFusuma,0,4819,29,247,Nook's Cranny,shop,商店購買,タヌキ商店,Nook's Cranny,White,White,白,ホワイト,White,1.0.0,1,No,Japanese Style,1,0,50,0,1,50,247,89
Item:Golden wall (New Horizons),Golden wall,黃金牆,黃金牆,黄金墙,おうごんのかべ,True,File:Golden Wall NH Screenshot.jpg,黃金牆_Golden_wall.jpg,images/wallpapers/黃金牆_Golden_wall.webp,https://dodo.ac/np/images/a/a8/Golden_Wall_NH_Screenshot.jpg,1280,720,239072,4894,RoomTexWallGold,0,4894,128,117,Crafting,diy,DIY製作,DIYレシピ,Crafting,Yellow,Brown,黃 / 棕,イエロー / ブラウン,Yellow / Brown,1.0.0,1,No,Asia,5,0,60,0,1,60,117,90
Item:Harmonious wall (New Horizons),Harmonious wall,東方風牆壁,東方風牆壁,东方风墙,オリエンタルなかべ,True,File:Harmonious Wall NH Screenshot.jpg,東方風牆壁_Harmonious_wall.jpg,images/wallpapers/東方風牆壁_Harmonious_wall.webp,https://dodo.ac/np/images/9/98/Harmonious_Wall_NH_Screenshot.jpg,1280,720,211928,11180,RoomTexWallOriental,0,11180,263,138,Nook's Cranny,shop,商店購買,タヌキ商店,Nook's Cranny,Brown,Brown,棕,ブラウン,Brown,1.0.0,1,No,Asia,2,0,60,0,1,60,138,91
Item:Lattice wall (New Horizons),Lattice wall,東方風交叉格柵,東方風交叉格柵,东方风交叉格栅,オリエンタルなラティス,True,File:Lattice Wall NH Screenshot.jpg,東方風交叉格柵_Lattice_wall.jpg,images/wallpapers/東方風交叉格柵_Lattice_wall.webp,https://dodo.ac/np/images/6/60/Lattice_Wall_NH_Screenshot.jpg,1280,720,256258,4830,RoomTexWallLattice,0,4830,39,156,Nook's Cranny,shop,商店購買,タヌキ商店,Nook's Cranny,Brown,Brown,棕,ブラウン,Brown,1.0.0,1,No,Asia,2,0,60,0,1,60,156,92
Item:Stately wall (New Horizons),Stately wall,文藝復興牆,文藝復興牆,文艺复兴墙,ルネッサンスなかべ,True,File:Stately Wall NH Screenshot.jpg,文藝復興牆_Stately_wall.jpg,images/wallpapers/文藝復興牆_Stately_wall.webp,https://dodo.ac/np/images/9/93/Stately_Wall_NH_Screenshot.jpg,1280,720,148230,4861,RoomTexWallRenaissance,0,4861,77,266,Nook's Cranny,shop,商店購買,タヌキ商店,Nook's Cranny,White,White,白,ホワイト,White,1.0.0,1,No,Asia,1,0,60,0,1,60,266,93
Item:Beige art-deco wall (New Horizons),Beige art-deco wall,米色裝飾線板壁紙,米色裝飾線板壁紙,米色装饰线板墙,ベージュのアールデコかべがみ,True,File:Beige Art-Deco Wall NH Screenshot.jpg,米色裝飾線板壁紙_Beige_art-deco_wall.jpg,images/wallpapers/米色裝飾線板壁紙_Beige_art-deco_wall.webp,https://dodo.ac/np/images/a/a5/Beige_Art-Deco_Wall_NH_Screenshot.jpg,1280,720,240892,4817,RoomTexWallArtDeco,0,4817,27,19,Nook's Cranny,shop,商店購買,タヌキ商店,Nook's Cranny,Beige,Beige,米,ベージュ,Beige,1.0.0,1,No,Art Deco Walls,2,0,70,0,1,70,19,94
Item:Red art-deco wall (New Horizons),Red art-deco wall,紅色裝飾線板壁紙,紅色裝飾線板壁紙,红色装饰线板墙,レッドのアールデコかべがみ,True,File:Red Art-Deco Wall NH Screenshot.jpg,紅色裝飾線板壁紙_Red_art-deco_wall.jpg,images/wallpapers/紅色裝飾線板壁紙_Red_art-deco_wall.webp,https://dodo.ac/np/images/7/71/Red_Art-Deco_Wall_NH_Screenshot.jpg,1280,720,167989,4818,RoomTexWallArtDeco,1,4817,28,225,Nook's Cranny,shop,商店購買,タヌキ商店,Nook's Cranny,Red,Black,紅 / 黑,レッド / ブラック,Red / Black,1.0.0,1,No,Art Deco Walls,6,0,70,0,1,70,19,95
Item:Beige blossoming wall (New Horizons),Beige blossoming wall,米色花草圖案牆,米色花草圖案牆,米色花草图案墙,ベージュのくさばなもようのかべ,True,File:Beige Blossoming Wall NH Screenshot.jpg,米色花草圖案牆_Beige_blossoming_wall.jpg,images/wallpapers/米色花草圖案牆_Beige_blossoming_wall.webp,https://dodo.ac/np/images/f/f3/Beige_Blossoming_Wall_NH_Screenshot.jpg,1280,720,185532,4831,RoomTexWallCountry,0,4831,40,20,Nook's Cranny,shop,商店購買,タヌキ商店,Nook's Cranny,Beige,Brown,米 / 棕,ベージュ / ブラウン,Beige / Brown,1.0.0,1,No,Country,2,0,70,0,1,70,20,96
Item:Pink blossoming wall (New Horizons),Pink blossoming wall,粉紅色花草圖案牆,粉紅色花草圖案牆,粉红色花草图案墙,ピンクのくさばなもようのかべ,True,File:Pink Blossoming Wall NH Screenshot.jpg,粉紅色花草圖案牆_Pink_blossoming_wall.jpg,images/wallpapers/粉紅色花草圖案牆_Pink_blossoming_wall.webp,https://dodo.ac/np/images/d/dc/Pink_Blossoming_Wall_NH_Screenshot.jpg,1280,720,180797,4895,RoomTexWallCountry,1,4831,41,203,Nook's Cranny,shop,商店購買,タヌキ商店,Nook's Cranny,Pink,Brown,粉紅 / 棕,ピンク / ブラウン,Pink / Brown,1.0.0,1,No,Country,6,0,70,0,1,70,20,97
Item:Green blossoming wall (New Horizons),Green blossoming wall,綠色花草圖案牆,綠色花草圖案牆,绿色花草图案墙,みどりのくさばなもようのかべ,True,File:Green Blossoming Wall NH Screenshot.jpg,綠色花草圖案牆_Green_blossoming_wall.jpg,images/wallpapers/綠色花草圖案牆_Green_blossoming_wall.webp,https://dodo.ac/np/images/f/fe/Green_Blossoming_Wall_NH_Screenshot.jpg,1280,720,176460,4903,RoomTexWallCountry,3,4831,43,125,Nook's Cranny,shop,商店購買,タヌキ商店,Nook's Cranny,Green,Brown,綠 / 棕,グリーン / ブラウン,Green / Brown,1.0.0,1,No,Country,7,0,70,0,1,70,20,98
Item:Blue blossoming wall (New Horizons),Blue blossoming wall,藍色花草圖案牆,藍色花草圖案牆,蓝色花草图案墙,あおいくさばなもようのかべ,True,File:Blue Blossoming Wall NH Screenshot.jpg,藍色花草圖案牆_Blue_blossoming_wall.jpg,images/wallpapers/藍色花草圖案牆_Blue_blossoming_wall.webp,https://dodo.ac/np/images/5/59/Blue_Blossoming_Wall_NH_Screenshot.jpg,1280,720,184600,4896,RoomTexWallCountry,2,4831,42,31,Nook's Cranny,shop,商店購買,タヌキ商店,Nook's Cranny,Aqua,Blue,水藍 / 藍,アクア / ブルー,Aqua / Blue,1.0.0,1,No,Country,8,0,70,0,1,70,20,99
Item:Beige Moroccan wall (New Horizons),Beige Moroccan wall,米色摩洛哥磚牆,米色摩洛哥磚牆,米色摩洛哥砖墙,ベージュのモロッカンタイルかべ,True,File:Beige Moroccan Wall NH Screenshot.jpg,米色摩洛哥磚牆_Beige_Moroccan_wall.jpg,images/wallpapers/米色摩洛哥磚牆_Beige_Moroccan_wall.webp,https://dodo.ac/np/images/3/3e/Beige_Moroccan_Wall_NH_Screenshot.jpg,1280,720,308969,4834,RoomTexWallMorocco,0,4834,46,21,Nook's Cranny,shop,商店購買,タヌキ商店,Nook's Cranny,Beige,Beige,米,ベージュ,Beige,1.0.0,1,No,Morocco,2,0,70,0,1,70,21,100
Item:Olive Moroccan wall (New Horizons),Olive Moroccan wall,黃綠色摩洛哥磚牆,黃綠色摩洛哥磚牆,黄绿色摩洛哥砖墙,きみどりモロッカンタイルかべ,True,File:Olive Moroccan Wall NH Screenshot.jpg,黃綠色摩洛哥磚牆_Olive_Moroccan_wall.jpg,images/wallpapers/黃綠色摩洛哥磚牆_Olive_Moroccan_wall.webp,https://dodo.ac/np/images/2/2b/Olive_Moroccan_Wall_NH_Screenshot.jpg,1280,720,253635,6863,RoomTexWallMorocco,3,4834,49,183,Nook's Cranny,shop,商店購買,タヌキ商店,Nook's Cranny,Yellow,Yellow,黃,イエロー,Yellow,1.0.0,1,No,Morocco,5,0,70,0,1,70,21,101
Item:Blue Moroccan wall (New Horizons),Blue Moroccan wall,藍色摩洛哥磚牆,藍色摩洛哥磚牆,蓝色摩洛哥砖墙,ブルーのモロッカンタイルかべ,True,File:Blue Moroccan Wall NH Screenshot.jpg,藍色摩洛哥磚牆_Blue_Moroccan_wall.jpg,images/wallpapers/藍色摩洛哥磚牆_Blue_Moroccan_wall.webp,https://dodo.ac/np/images/f/fd/Blue_Moroccan_Wall_NH_Screenshot.jpg,1280,720,309800,4835,RoomTexWallMorocco,1,4834,47,40,Nook's Cranny,shop,商店購買,タヌキ商店,Nook's Cranny,Blue,White,藍 / 白,ブルー / ホワイト,Blue / White,1.0.0,1,No,Morocco,8,0,70,0,1,70,21,102
Item:Purple Moroccan wall (New Horizons),Purple Moroccan wall,紫色摩洛哥磚牆,紫色摩洛哥磚牆,紫色摩洛哥砖墙,むらさきのモロッカンタイルかべ,True,File:Purple Moroccan Wall NH Screenshot.jpg,紫色摩洛哥磚牆_Purple_Moroccan_wall.jpg,images/wallpapers/紫色摩洛哥磚牆_Purple_Moroccan_wall.webp,https://dodo.ac/np/images/e/ea/Purple_Moroccan_Wall_NH_Screenshot.jpg,1280,720,288206,6864,RoomTexWallMorocco,2,4834,48,219,Nook's Cranny,shop,商店購買,タヌキ商店,Nook's Cranny,Purple,Purple,紫,パープル,Purple,1.0.0,1,No,Morocco,9,0,70,0,1,70,21,103
Item:White hallway wall (New Horizons),White hallway wall,白色大廳牆,白色大廳牆,白色大厅墙,しろいホールのかべ,True,File:White Hallway Wall NH Screenshot.jpg,白色大廳牆_White_hallway_wall.jpg,images/wallpapers/白色大廳牆_White_hallway_wall.webp,https://dodo.ac/np/images/6/6e/White_Hallway_Wall_NH_Screenshot.jpg,1280,720,153629,6861,RoomTexWallHall,2,4806,16,288,Nook's Cranny,shop,商店購買,タヌキ商店,Nook's Cranny,White,White,白,ホワイト,White,1.0.0,1,No,Hall Walls,1,0,70,0,1,70,24,104
Item:Brown hallway wall (New Horizons),Brown hallway wall,茶色大廳牆,茶色大廳牆,茶色大厅墙,ちゃいろいホールのかべ,True,File:Brown Hallway Wall NH Screenshot.jpg,茶色大廳牆_Brown_hallway_wall.jpg,images/wallpapers/茶色大廳牆_Brown_hallway_wall.webp,https://dodo.ac/np/images/6/6e/Brown_Hallway_Wall_NH_Screenshot.jpg,1280,720,198211,4806,RoomTexWallHall,0,4806,14,58,Nook's Cranny,shop,商店購買,タヌキ商店,Nook's Cranny,Brown,Brown,棕,ブラウン,Brown,1.0.0,1,No,Hall Walls,2,0,70,0,1,70,24,105
Item:Chocolate hallway wall (New Horizons),Chocolate hallway wall,深棕色大廳牆,深棕色大廳牆,深棕色大厅墙,こげちゃのホールのかべ,True,File:Chocolate Hallway Wall NH Screenshot.jpg,深棕色大廳牆_Chocolate_hallway_wall.jpg,images/wallpapers/深棕色大廳牆_Chocolate_hallway_wall.webp,https://dodo.ac/np/images/e/e4/Chocolate_Hallway_Wall_NH_Screenshot.jpg,1280,720,170799,4807,RoomTexWallHall,1,4806,15,76,Nook's Cranny,shop,商店購買,タヌキ商店,Nook's Cranny,Brown,Brown,棕,ブラウン,Brown,1.0.0,1,No,Hall Walls,2,0,70,0,1,70,24,106
Item:Black hallway wall (New Horizons),Black hallway wall,黑色大廳牆,黑色大廳牆,黑色大厅墙,くろいホールのかべ,True,File:Black Hallway Wall NH Screenshot.jpg,黑色大廳牆_Black_hallway_wall.jpg,images/wallpapers/黑色大廳牆_Black_hallway_wall.webp,https://dodo.ac/np/images/6/6c/Black_Hallway_Wall_NH_Screenshot.jpg,1280,720,138861,6862,RoomTexWallHall,3,4806,17,24,Nook's Cranny,shop,商店購買,タヌキ商店,Nook's Cranny,Black,Black,黑,ブラック,Black,1.0.0,1,No,Hall Walls,4,0,70,0,1,70,24,107
Item:Brown-crown wall (New Horizons),Brown-crown wall,棕色皇冠壁紙,棕色皇冠壁紙,棕色皇冠壁纸,ブラウンクラウンのかべがみ,True,File:Brown-Crown Wall NH Screenshot.jpg,棕色皇冠壁紙_Brown-crown_wall.jpg,images/wallpapers/棕色皇冠壁紙_Brown-crown_wall.webp,https://dodo.ac/np/images/1/17/Brown-Crown_Wall_NH_Screenshot.jpg,1280,720,136415,6851,RoomTexWallCrown,3,4814,26,63,Nook's Cranny,shop,商店購買,タヌキ商店,Nook's Cranny,Brown,Brown,棕,ブラウン,Brown,1.0.0,1,No,Crown Walls,2,0,70,0,1,70,29,108
Item:Black-crown wall (New Horizons),Black-crown wall,黑色皇冠壁紙,黑色皇冠壁紙,黑色皇冠壁纸,ブラッククラウンのかべがみ,True,File:Black-Crown Wall NH Screenshot.jpg,黑色皇冠壁紙_Black-crown_wall.jpg,images/wallpapers/黑色皇冠壁紙_Black-crown_wall.webp,https://dodo.ac/np/images/9/9a/Black-Crown_Wall_NH_Screenshot.jpg,1280,720,144938,4815,RoomTexWallCrown,1,4814,24,29,Nook's Cranny,shop,商店購買,タヌキ商店,Nook's Cranny,Black,Black,黑,ブラック,Black,1.0.0,1,No,Crown Walls,4,0,70,0,1,70,29,109
Item:Pink-crown wall (New Horizons),Pink-crown wall,粉紅皇冠壁紙,粉紅皇冠壁紙,粉红皇冠壁纸,ピンククラウンのかべがみ,True,File:Pink-Crown Wall NH Screenshot.jpg,粉紅皇冠壁紙_Pink-crown_wall.jpg,images/wallpapers/粉紅皇冠壁紙_Pink-crown_wall.webp,https://dodo.ac/np/images/d/d6/Pink-Crown_Wall_NH_Screenshot.jpg,1280,720,160387,4816,RoomTexWallCrown,2,4814,25,212,Nook's Cranny,shop,商店購買,タヌキ商店,Nook's Cranny,Pink,White,粉紅 / 白,ピンク / ホワイト,Pink / White,1.0.0,1,No,Crown Walls,6,0,70,0,1,70,29,110
Item:Blue-crown wall (New Horizons),Blue-crown wall,藍色皇冠壁紙,藍色皇冠壁紙,蓝色皇冠壁纸,ブルークラウンのかべがみ,True,File:Blue-Crown Wall NH Screenshot.jpg,藍色皇冠壁紙_Blue-crown_wall.jpg,images/wallpapers/藍色皇冠壁紙_Blue-crown_wall.webp,https://dodo.ac/np/images/8/87/Blue-Crown_Wall_NH_Screenshot.jpg,1280,720,148866,4814,RoomTexWallCrown,0,4814,23,50,Nook's Cranny,shop,商店購買,タヌキ商店,Nook's Cranny,Blue,Black,藍 / 黑,ブルー / ブラック,Blue / Black,1.0.0,1,No,Crown Walls,8,0,70,0,1,70,29,111
Item:White delicate-blooms wall (New Horizons),White delicate-blooms wall,白色碎花壁紙,白色碎花壁紙,白色碎花壁纸,しろいこばながらのかべがみ,True,File:White Delicate-Blooms Wall NH Screenshot.jpg,白色碎花壁紙_White_delicate-blooms_wall.jpg,images/wallpapers/白色碎花壁紙_White_delicate-blooms_wall.webp,https://dodo.ac/np/images/2/2a/White_Delicate-Blooms_Wall_NH_Screenshot.jpg,1280,720,193001,4891,RoomTexWallManor,0,4891,116,286,Nook's Cranny,shop,商店購買,タヌキ商店,Nook's Cranny,White,White,白,ホワイト,White,1.0.0,1,No,Manor Walls,1,0,70,0,1,70,33,112
Item:Red delicate-blooms wall (New Horizons),Red delicate-blooms wall,紅色碎花壁紙,紅色碎花壁紙,红色碎花壁纸,あかいこばながらのかべがみ,True,File:Red Delicate-Blooms Wall NH Screenshot.jpg,紅色碎花壁紙_Red_delicate-blooms_wall.jpg,images/wallpapers/紅色碎花壁紙_Red_delicate-blooms_wall.webp,https://dodo.ac/np/images/b/bb/Red_Delicate-Blooms_Wall_NH_Screenshot.jpg,1280,720,173363,4897,RoomTexWallManor,1,4891,117,226,Nook's Cranny,shop,商店購買,タヌキ商店,Nook's Cranny,Red,Brown,紅 / 棕,レッド / ブラウン,Red / Brown,1.0.0,1,No,Manor Walls,6,0,70,0,1,70,33,113
Item:Green delicate-blooms wall (New Horizons),Green delicate-blooms wall,綠色碎花壁紙,綠色碎花壁紙,绿色碎花壁纸,グリーンのこばながらのかべがみ,True,File:Green Delicate-Blooms Wall NH Screenshot.jpg,綠色碎花壁紙_Green_delicate-blooms_wall.jpg,images/wallpapers/綠色碎花壁紙_Green_delicate-blooms_wall.webp,https://dodo.ac/np/images/c/cd/Green_Delicate-Blooms_Wall_NH_Screenshot.jpg,1280,720,174439,4898,RoomTexWallManor,2,4891,118,126,Nook's Cranny,shop,商店購買,タヌキ商店,Nook's Cranny,Green,Black,綠 / 黑,グリーン / ブラック,Green / Black,1.0.0,1,No,Manor Walls,7,0,70,0,1,70,33,114
Item:Blue delicate-blooms wall (New Horizons),Blue delicate-blooms wall,藍色碎花壁紙,藍色碎花壁紙,蓝色碎花壁纸,あおいこばながらのかべがみ,True,File:Blue Delicate-Blooms Wall NH Screenshot.jpg,藍色碎花壁紙_Blue_delicate-blooms_wall.jpg,images/wallpapers/藍色碎花壁紙_Blue_delicate-blooms_wall.webp,https://dodo.ac/np/images/e/ea/Blue_Delicate-Blooms_Wall_NH_Screenshot.jpg,1280,720,164207,6852,RoomTexWallManor,3,4891,119,33,Nook's Cranny,shop,商店購買,タヌキ商店,Nook's Cranny,Blue,Black,藍 / 黑,ブルー / ブラック,Blue / Black,1.0.0,1,No,Manor Walls,8,0,70,0,1,70,33,115
Item:Gray diner wall (New Horizons),Gray diner wall,白色餐館牆,白色餐館牆,白色餐馆墙,しろいダイナーのかべ,True,File:Gray Diner Wall NH Screenshot.jpg,白色餐館牆_Gray_diner_wall.jpg,images/wallpapers/白色餐館牆_Gray_diner_wall.webp,https://dodo.ac/np/images/4/4a/Gray_Diner_Wall_NH_Screenshot.jpg,1280,720,253919,7243,RoomTexWallDiner,2,7241,251,119,Nook's Cranny,shop,商店購買,タヌキ商店,Nook's Cranny,White,Colorful,白 / 彩色,ホワイト / カラフル,White / Colorful,1.0.0,1,No,Diner Walls,1,0,70,0,1,70,34,116
Item:Brown diner wall (New Horizons),Brown diner wall,茶色餐館牆,茶色餐館牆,茶色餐馆墙,ちゃいろいダイナーのかべ,True,File:Brown Diner Wall NH Screenshot.jpg,茶色餐館牆_Brown_diner_wall.jpg,images/wallpapers/茶色餐館牆_Brown_diner_wall.webp,https://dodo.ac/np/images/c/c5/Brown_Diner_Wall_NH_Screenshot.jpg,1280,720,251705,7244,RoomTexWallDiner,3,7241,252,57,Nook's Cranny,shop,商店購買,タヌキ商店,Nook's Cranny,Brown,Colorful,棕 / 彩色,ブラウン / カラフル,Brown / Colorful,1.0.0,1,No,Diner Walls,2,0,70,0,1,70,34,117
Item:Pink diner wall (New Horizons),Pink diner wall,桃紅色餐館牆,桃紅色餐館牆,桃红色餐馆墙,ももいろダイナーのかべ,True,File:Pink Diner Wall NH Screenshot.jpg,桃紅色餐館牆_Pink_diner_wall.jpg,images/wallpapers/桃紅色餐館牆_Pink_diner_wall.webp,https://dodo.ac/np/images/1/16/Pink_Diner_Wall_NH_Screenshot.jpg,1280,720,251897,7242,RoomTexWallDiner,1,7241,250,204,Nook's Cranny,shop,商店購買,タヌキ商店,Nook's Cranny,Pink,Colorful,粉紅 / 彩色,ピンク / カラフル,Pink / Colorful,1.0.0,1,No,Diner Walls,6,0,70,0,1,70,34,118
Item:Blue diner wall (New Horizons),Blue diner wall,藍色餐館牆,藍色餐館牆,蓝色餐馆墙,あおいダイナーのかべ,True,File:Blue Diner Wall NH Screenshot.jpg,藍色餐館牆_Blue_diner_wall.jpg,images/wallpapers/藍色餐館牆_Blue_diner_wall.webp,https://dodo.ac/np/images/5/5a/Blue_Diner_Wall_NH_Screenshot.jpg,1280,720,256521,7241,RoomTexWallDiner,0,7241,249,34,Nook's Cranny,shop,商店購買,タヌキ商店,Nook's Cranny,Blue,Aqua,藍 / 水藍,ブルー / アクア,Blue / Aqua,1.0.0,1,No,Diner Walls,8,0,70,0,1,70,34,119
Item:Gray molded-panel wall (New Horizons),Gray molded-panel wall,灰色線板牆,灰色線板牆,灰色线板墙,グレーのパネルモールドかべ,True,File:Gray Molded-Panel Wall NH Screenshot.jpg,灰色線板牆_Gray_molded-panel_wall.jpg,images/wallpapers/灰色線板牆_Gray_molded-panel_wall.webp,https://dodo.ac/np/images/5/51/Gray_Molded-Panel_Wall_NH_Screenshot.jpg,1280,720,149922,4872,RoomTexWallPanelMold,2,4870,89,121,Nook's Cranny,shop,商店購買,タヌキ商店,Nook's Cranny,Gray,Gray,灰,グレー,Gray,1.0.0,1,No,Panel Mold Walls,3,0,70,0,1,70,39,120
Item:Orange molded-panel wall (New Horizons),Orange molded-panel wall,橘色線板牆,橘色線板牆,橘色线板墙,オレンジのパネルモールドかべ,True,File:Orange Molded-Panel Wall NH Screenshot.jpg,橘色線板牆_Orange_molded-panel_wall.jpg,images/wallpapers/橘色線板牆_Orange_molded-panel_wall.webp,https://dodo.ac/np/images/f/f7/Orange_Molded-Panel_Wall_NH_Screenshot.jpg,1280,720,166521,4870,RoomTexWallPanelMold,0,4870,87,186,Nook's Cranny,shop,商店購買,タヌキ商店,Nook's Cranny,Orange,Beige,橘 / 米,オレンジ / ベージュ,Orange / Beige,1.0.0,1,No,Panel Mold Walls,5,0,70,0,1,70,39,121
Item:Green molded-panel wall (New Horizons),Green molded-panel wall,綠色線板牆,綠色線板牆,绿色线板墙,みどりのパネルモールドかべ,True,File:Green Molded-Panel Wall NH Screenshot.jpg,綠色線板牆_Green_molded-panel_wall.jpg,images/wallpapers/綠色線板牆_Green_molded-panel_wall.webp,https://dodo.ac/np/images/f/f1/Green_Molded-Panel_Wall_NH_Screenshot.jpg,1280,720,160234,6854,RoomTexWallPanelMold,3,4870,90,130,Nook's Cranny,shop,商店購買,タヌキ商店,Nook's Cranny,Green,White,綠 / 白,グリーン / ホワイト,Green / White,1.0.0,1,No,Panel Mold Walls,7,0,70,0,1,70,39,122
Item:Blue molded-panel wall (New Horizons),Blue molded-panel wall,藍色線板牆,藍色線板牆,蓝色线板墙,あおいパネルモールドかべ,True,File:Blue Molded-Panel Wall NH Screenshot.jpg,藍色線板牆_Blue_molded-panel_wall.jpg,images/wallpapers/藍色線板牆_Blue_molded-panel_wall.webp,https://dodo.ac/np/images/a/a4/Blue_Molded-Panel_Wall_NH_Screenshot.jpg,1280,720,154507,4871,RoomTexWallPanelMold,1,4870,88,39,Nook's Cranny,shop,商店購買,タヌキ商店,Nook's Cranny,Blue,Brown,藍 / 棕,ブルー / ブラウン,Blue / Brown,1.0.0,1,No,Panel Mold Walls,8,0,70,0,1,70,39,123
Item:Manga-library wall (New Horizons),Manga-library wall,漫畫圖書館牆,漫畫圖書館牆,漫画图书馆墙,マンガライブラリーなかべ,True,File:Manga-Library Wall NH Screenshot.jpg,漫畫圖書館牆_Manga-library_wall.jpg,images/wallpapers/漫畫圖書館牆_Manga-library_wall.webp,https://dodo.ac/np/images/d/df/Manga-Library_Wall_NH_Screenshot.jpg,1280,720,297703,4838,RoomTexWallLibrary,1,4837,52,159,Crafting,diy,DIY製作,DIYレシピ,Crafting,White,White,白,ホワイト,White,1.0.0,1,No,Library Walls,1,0,70,0,1,70,82,124
Item:Classic-library wall (New Horizons),Classic-library wall,圖書館牆,圖書館牆,图书馆墙,ライブラリーなかべ,True,File:Classic-Library Wall NH Screenshot.jpg,圖書館牆_Classic-library_wall.jpg,images/wallpapers/圖書館牆_Classic-library_wall.webp,https://dodo.ac/np/images/9/93/Classic-Library_Wall_NH_Screenshot.jpg,1280,720,201884,4837,RoomTexWallLibrary,0,4837,51,82,Crafting,diy,DIY製作,DIYレシピ,Crafting,Black,Black,黑,ブラック,Black,1.0.0,1,No,Library Walls,4,0,70,0,1,70,82,125
Item:Apple wall (New Horizons),Apple wall,蘋果壁紙,蘋果壁紙,苹果壁纸,リンゴのかべがみ,True,File:Apple Wall NH Screenshot.jpg,蘋果壁紙_Apple_wall.jpg,images/wallpapers/蘋果壁紙_Apple_wall.webp,https://dodo.ac/np/images/f/fc/Apple_Wall_NH_Screenshot.jpg,1280,720,204060,4916,RoomTexWallApple,0,4916,146,6,Crafting,diy,DIY製作,DIYレシピ,Crafting,Red,Red,紅,レッド,Red,1.0.0,1,No,Fruit Walls,6,0,80,0,1,80,6,126
Item:White perforated-board wall (New Horizons),White perforated-board wall,白色洞洞板牆,白色洞洞板牆,白色洞洞板墙,しろいパンチングボードのかべ,True,File:White Perforated-Board Wall NH Screenshot.jpg,白色洞洞板牆_White_perforated-board_wall.jpg,images/wallpapers/白色洞洞板牆_White_perforated-board_wall.webp,https://dodo.ac/np/images/6/6e/White_Perforated-Board_Wall_NH_Screenshot.jpg,1280,720,251671,4920,RoomTexWallPegboard,0,4920,150,291,Nook's Cranny,shop,商店購買,タヌキ商店,Nook's Cranny,White,White,白,ホワイト,White,1.0.0,1,No,Pegboard Walls,1,0,80,0,1,80,25,127
Item:Perforated-board wall (New Horizons),Perforated-board wall,洞洞板牆,洞洞板牆,洞洞板墙,パンチングボードのかべ,True,File:Perforated-Board Wall NH Screenshot.jpg,洞洞板牆_Perforated-board_wall.jpg,images/wallpapers/洞洞板牆_Perforated-board_wall.webp,https://dodo.ac/np/images/b/b9/Perforated-Board_Wall_NH_Screenshot.jpg,1280,720,222636,4921,RoomTexWallPegboard,1,4920,151,201,Nook's Cranny,shop,商店購買,タヌキ商店,Nook's Cranny,Brown,Brown,棕,ブラウン,Brown,1.0.0,1,No,Pegboard Walls,2,0,80,0,1,80,25,128
Item:Black perforated-board wall (New Horizons),Black perforated-board wall,黑色洞洞板牆,黑色洞洞板牆,黑色洞洞板墙,くろいパンチングボードのかべ,True,File:Black Perforated-Board Wall NH Screenshot.jpg,黑色洞洞板牆_Black_perforated-board_wall.jpg,images/wallpapers/黑色洞洞板牆_Black_perforated-board_wall.webp,https://dodo.ac/np/images/1/18/Black_Perforated-Board_Wall_NH_Screenshot.jpg,1280,720,160756,4922,RoomTexWallPegboard,2,4920,152,25,Nook's Cranny,shop,商店購買,タヌキ商店,Nook's Cranny,Black,Black,黑,ブラック,Black,1.0.0,1,No,Pegboard Walls,4,0,80,0,1,80,25,129
Item:Red perforated-board wall (New Horizons),Red perforated-board wall,紅色洞洞板牆,紅色洞洞板牆,红色洞洞板墙,あかいパンチングボードのかべ,True,File:Red Perforated-Board Wall NH Screenshot.jpg,紅色洞洞板牆_Red_perforated-board_wall.jpg,images/wallpapers/紅色洞洞板牆_Red_perforated-board_wall.webp,https://dodo.ac/np/images/1/1c/Red_Perforated-Board_Wall_NH_Screenshot.jpg,1280,720,225203,6853,RoomTexWallPegboard,3,4920,153,231,Nook's Cranny,shop,商店購買,タヌキ商店,Nook's Cranny,Red,Red,紅,レッド,Red,1.0.0,1,No,Pegboard Walls,6,0,80,0,1,80,25,130
Item:Orange camo wall (New Horizons),Orange camo wall,橘色迷彩壁紙,橘色迷彩壁紙,橘色迷彩壁纸,オレンジめいさいのかべがみ,True,File:Orange Camo Wall NH Screenshot.jpg,橘色迷彩壁紙_Orange_camo_wall.jpg,images/wallpapers/橘色迷彩壁紙_Orange_camo_wall.webp,https://dodo.ac/np/images/d/d3/Orange_Camo_Wall_NH_Screenshot.jpg,1280,720,207380,6855,RoomTexWallCamouflage,3,4883,106,185,Nook's Cranny,shop,商店購買,タヌキ商店,Nook's Cranny,Orange,Orange,橘,オレンジ,Orange,1.0.0,1,No,Camouflage,5,0,80,0,1,80,32,131
Item:Blue camo wall (New Horizons),Blue camo wall,藍色迷彩壁紙,藍色迷彩壁紙,蓝色迷彩壁纸,ブルーめいさいのかべがみ,True,File:Blue Camo Wall NH Screenshot.jpg,藍色迷彩壁紙_Blue_camo_wall.jpg,images/wallpapers/藍色迷彩壁紙_Blue_camo_wall.webp,https://dodo.ac/np/images/7/7b/Blue_Camo_Wall_NH_Screenshot.jpg,1280,720,201036,4884,RoomTexWallCamouflage,1,4883,104,32,Nook's Cranny,shop,商店購買,タヌキ商店,Nook's Cranny,Blue,Blue,藍,ブルー,Blue,1.0.0,1,No,Camouflage,8,0,80,0,1,80,32,132
Item:Purple camo wall (New Horizons),Purple camo wall,紫色迷彩壁紙,紫色迷彩壁紙,紫色迷彩壁纸,パープルめいさいのかべがみ,True,File:Purple Camo Wall NH Screenshot.jpg,紫色迷彩壁紙_Purple_camo_wall.jpg,images/wallpapers/紫色迷彩壁紙_Purple_camo_wall.webp,https://dodo.ac/np/images/e/e1/Purple_Camo_Wall_NH_Screenshot.jpg,1280,720,211219,4885,RoomTexWallCamouflage,2,4883,105,217,Nook's Cranny,shop,商店購買,タヌキ商店,Nook's Cranny,Purple,Purple,紫,パープル,Purple,1.0.0,1,No,Camouflage,9,0,80,0,1,80,32,133
Item:Camo wall (New Horizons),Camo wall,迷彩壁紙,迷彩壁紙,迷彩壁纸,めいさいのかべがみ,True,File:Camo Wall NH Screenshot.jpg,迷彩壁紙_Camo_wall.jpg,images/wallpapers/迷彩壁紙_Camo_wall.webp,https://dodo.ac/np/images/1/11/Camo_Wall_NH_Screenshot.jpg,1280,720,183077,4883,RoomTexWallCamouflage,0,4883,103,68,Nook's Cranny,shop,商店購買,タヌキ商店,Nook's Cranny,Black,Green,黑 / 綠,ブラック / グリーン,Black / Green,1.0.0,1,No,Camouflage,10,0,80,0,1,80,32,134
Item:Yellow flower-print wall (New Horizons),Yellow flower-print wall,黃色花紋壁紙,黃色花紋壁紙,黄色花纹壁纸,きいろいはながらかべがみ,True,File:Yellow Flower-Print Wall NH Screenshot.jpg,黃色花紋壁紙_Yellow_flower-print_wall.jpg,images/wallpapers/黃色花紋壁紙_Yellow_flower-print_wall.webp,https://dodo.ac/np/images/b/b0/Yellow_Flower-Print_Wall_NH_Screenshot.jpg,1280,720,225139,6872,RoomTexWallFlower,2,4893,126,304,Nook's Cranny,shop,商店購買,タヌキ商店,Nook's Cranny,Yellow,Yellow,黃,イエロー,Yellow,1.0.0,1,No,Flower Walls,5,0,80,0,1,80,35,135
Item:Pink flower-print wall (New Horizons),Pink flower-print wall,粉紅色花紋壁紙,粉紅色花紋壁紙,粉红色花纹壁纸,ピンクのはながらのかべがみ,True,File:Pink Flower-Print Wall NH Screenshot.jpg,粉紅色花紋壁紙_Pink_flower-print_wall.jpg,images/wallpapers/粉紅色花紋壁紙_Pink_flower-print_wall.webp,https://dodo.ac/np/images/b/b4/Pink_Flower-Print_Wall_NH_Screenshot.jpg,1280,720,216549,4893,RoomTexWallFlower,0,4893,124,205,Nook's Cranny,shop,商店購買,タヌキ商店,Nook's Cranny,Pink,Pink,粉紅,ピンク,Pink,1.0.0,1,No,Flower Walls,6,0,80,0,1,80,35,136
Item:Green flower-print wall (New Horizons),Green flower-print wall,綠色花紋壁紙,綠色花紋壁紙,绿色花纹壁纸,グリーンのはながらかべがみ,True,File:Green Flower-Print Wall NH Screenshot.jpg,綠色花紋壁紙_Green_flower-print_wall.jpg,images/wallpapers/綠色花紋壁紙_Green_flower-print_wall.webp,https://dodo.ac/np/images/4/47/Green_Flower-Print_Wall_NH_Screenshot.jpg,1280,720,229350,4935,RoomTexWallFlower,1,4893,125,127,Nook's Cranny,shop,商店購買,タヌキ商店,Nook's Cranny,Green,Beige,綠 / 米,グリーン / ベージュ,Green / Beige,1.0.0,1,No,Flower Walls,7,0,80,0,1,80,35,137
Item:Blue flower-print wall (New Horizons),Blue flower-print wall,藍色花紋壁紙,藍色花紋壁紙,蓝色花纹壁纸,ブルーのはながらかべがみ,True,File:Blue Flower-Print Wall NH Screenshot.jpg,藍色花紋壁紙_Blue_flower-print_wall.jpg,images/wallpapers/藍色花紋壁紙_Blue_flower-print_wall.webp,https://dodo.ac/np/images/c/c7/Blue_Flower-Print_Wall_NH_Screenshot.jpg,1280,720,202010,6873,RoomTexWallFlower,3,4893,127,35,Nook's Cranny,shop,商店購買,タヌキ商店,Nook's Cranny,Blue,Aqua,藍 / 水藍,ブルー / アクア,Blue / Aqua,1.0.0,1,No,Flower Walls,8,0,80,0,1,80,35,138
Item:Yellow heart-pattern wall (New Horizons),Yellow heart-pattern wall,黃色愛心壁紙,黃色愛心壁紙,黄色爱心壁纸,イエローハートのかべがみ,True,File:Yellow Heart-Pattern Wall NH Screenshot.jpg,黃色愛心壁紙_Yellow_heart-pattern_wall.jpg,images/wallpapers/黃色愛心壁紙_Yellow_heart-pattern_wall.webp,https://dodo.ac/np/images/1/14/Yellow_Heart-Pattern_Wall_NH_Screenshot.jpg,1280,720,177323,6871,RoomTexWallHeart,2,4874,94,305,Nook's Cranny,shop,商店購買,タヌキ商店,Nook's Cranny,Yellow,Yellow,黃,イエロー,Yellow,1.0.0,1,No,Heart Walls,5,0,80,0,1,80,36,139
Item:Pink heart-pattern wall (New Horizons),Pink heart-pattern wall,粉紅愛心壁紙,粉紅愛心壁紙,粉红爱心壁纸,ピンクハートのかべがみ,True,File:Pink Heart-Pattern Wall NH Screenshot.jpg,粉紅愛心壁紙_Pink_heart-pattern_wall.jpg,images/wallpapers/粉紅愛心壁紙_Pink_heart-pattern_wall.webp,https://dodo.ac/np/images/8/8d/Pink_Heart-Pattern_Wall_NH_Screenshot.jpg,1280,720,177675,4875,RoomTexWallHeart,1,4874,93,206,Nook's Cranny,shop,商店購買,タヌキ商店,Nook's Cranny,Pink,Pink,粉紅,ピンク,Pink,1.0.0,1,No,Heart Walls,6,0,80,0,1,80,36,140
Item:Red heart-pattern wall (New Horizons),Red heart-pattern wall,紅色愛心壁紙,紅色愛心壁紙,红色爱心壁纸,レッドハートのかべがみ,True,File:Red Heart-Pattern Wall NH Screenshot.jpg,紅色愛心壁紙_Red_heart-pattern_wall.jpg,images/wallpapers/紅色愛心壁紙_Red_heart-pattern_wall.webp,https://dodo.ac/np/images/f/fa/Red_Heart-Pattern_Wall_NH_Screenshot.jpg,1280,720,197574,6870,RoomTexWallHeart,3,4874,95,228,Nook's Cranny,shop,商店購買,タヌキ商店,Nook's Cranny,Red,Red,紅,レッド,Red,1.0.0,1,No,Heart Walls,6,0,80,0,1,80,36,141
Item:Blue heart-pattern wall (New Horizons),Blue heart-pattern wall,藍色愛心壁紙,藍色愛心壁紙,蓝色爱心壁纸,ブルーハートのかべがみ,True,File:Blue Heart-Pattern Wall NH Screenshot.jpg,藍色愛心壁紙_Blue_heart-pattern_wall.jpg,images/wallpapers/藍色愛心壁紙_Blue_heart-pattern_wall.webp,https://dodo.ac/np/images/0/0a/Blue_Heart-Pattern_Wall_NH_Screenshot.jpg,1280,720,199871,4874,RoomTexWallHeart,0,4874,92,36,Nook's Cranny,shop,商店購買,タヌキ商店,Nook's Cranny,Blue,Aqua,藍 / 水藍,ブルー / アクア,Blue / Aqua,1.0.0,1,No,Heart Walls,8,0,80,0,1,80,36,142
Item:Yellow intricate wall (New Horizons),Yellow intricate wall,黃色布牆,黃色布牆,黄色布墙,きいろいテキスタイルのかべ,True,File:Yellow Intricate Wall NH Screenshot.jpg,黃色布牆_Yellow_intricate_wall.jpg,images/wallpapers/黃色布牆_Yellow_intricate_wall.webp,https://dodo.ac/np/images/5/5a/Yellow_Intricate_Wall_NH_Screenshot.jpg,1280,720,230959,4849,RoomTexWallFlowerPop,1,4848,63,306,Nook's Cranny,shop,商店購買,タヌキ商店,Nook's Cranny,Yellow,White,黃 / 白,イエロー / ホワイト,Yellow / White,1.0.0,1,No,Flower Pop Walls,5,0,80,0,1,80,38,143
Item:Red intricate wall (New Horizons),Red intricate wall,紅色布牆,紅色布牆,红色布墙,あかいテキスタイルのかべ,True,File:Red Intricate Wall NH Screenshot.jpg,紅色布牆_Red_intricate_wall.jpg,images/wallpapers/紅色布牆_Red_intricate_wall.webp,https://dodo.ac/np/images/6/60/Red_Intricate_Wall_NH_Screenshot.jpg,1280,720,200006,6879,RoomTexWallFlowerPop,3,4848,65,229,Nook's Cranny,shop,商店購買,タヌキ商店,Nook's Cranny,Red,White,紅 / 白,レッド / ホワイト,Red / White,1.0.0,1,No,Flower Pop Walls,6,0,80,0,1,80,38,144
Item:Green intricate wall (New Horizons),Green intricate wall,綠色布牆,綠色布牆,绿色布墙,みどりのテキスタイルのかべ,True,File:Green Intricate Wall NH Screenshot.jpg,綠色布牆_Green_intricate_wall.jpg,images/wallpapers/綠色布牆_Green_intricate_wall.webp,https://dodo.ac/np/images/0/0e/Green_Intricate_Wall_NH_Screenshot.jpg,1280,720,205239,6878,RoomTexWallFlowerPop,2,4848,64,129,Nook's Cranny,shop,商店購買,タヌキ商店,Nook's Cranny,Green,White,綠 / 白,グリーン / ホワイト,Green / White,1.0.0,1,No,Flower Pop Walls,7,0,80,0,1,80,38,145
Item:Blue intricate wall (New Horizons),Blue intricate wall,藍色布牆,藍色布牆,蓝色布墙,あおいテキスタイルのかべ,True,File:Blue Intricate Wall NH Screenshot.jpg,藍色布牆_Blue_intricate_wall.jpg,images/wallpapers/藍色布牆_Blue_intricate_wall.webp,https://dodo.ac/np/images/7/79/Blue_Intricate_Wall_NH_Screenshot.jpg,1280,720,187644,4848,RoomTexWallFlowerPop,0,4848,62,38,Nook's Cranny,shop,商店購買,タヌキ商店,Nook's Cranny,Blue,White,藍 / 白,ブルー / ホワイト,Blue / White,1.0.0,1,No,Flower Pop Walls,8,0,80,0,1,80,38,146
Item:Yellow playroom wall (New Horizons),Yellow playroom wall,黃色兒童房壁紙,黃色兒童房壁紙,黄色儿童房壁纸,きいろいキッズルームのかべがみ,True,File:Yellow Playroom Wall NH Screenshot.jpg,黃色兒童房壁紙_Yellow_playroom_wall.jpg,images/wallpapers/黃色兒童房壁紙_Yellow_playroom_wall.webp,https://dodo.ac/np/images/a/ae/Yellow_Playroom_Wall_NH_Screenshot.jpg,1280,720,184375,6865,RoomTexWallToy,3,4888,114,307,Nook's Cranny,shop,商店購買,タヌキ商店,Nook's Cranny,Yellow,Yellow,黃,イエロー,Yellow,1.0.0,1,No,Toy Walls,5,0,80,0,1,80,43,147
Item:Pink playroom wall (New Horizons),Pink playroom wall,粉紅色兒童房壁紙,粉紅色兒童房壁紙,粉红色儿童房壁纸,ピンクのキッズルームのかべがみ,True,File:Pink Playroom Wall NH Screenshot.jpg,粉紅色兒童房壁紙_Pink_playroom_wall.jpg,images/wallpapers/粉紅色兒童房壁紙_Pink_playroom_wall.webp,https://dodo.ac/np/images/e/e8/Pink_Playroom_Wall_NH_Screenshot.jpg,1280,720,162567,4889,RoomTexWallToy,1,4888,112,208,Nook's Cranny,shop,商店購買,タヌキ商店,Nook's Cranny,Pink,Pink,粉紅,ピンク,Pink,1.0.0,1,No,Toy Walls,6,0,80,0,1,80,43,148
Item:Green playroom wall (New Horizons),Green playroom wall,綠色兒童房壁紙,綠色兒童房壁紙,绿色儿童房壁纸,みどりのキッズルームのかべがみ,True,File:Green Playroom Wall NH Screenshot.jpg,綠色兒童房壁紙_Green_playroom_wall.jpg,images/wallpapers/綠色兒童房壁紙_Green_playroom_wall.webp,https://dodo.ac/np/images/c/c6/Green_Playroom_Wall_NH_Screenshot.jpg,1280,720,171054,6866,RoomTexWallToy,2,4888,113,132,Nook's Cranny,shop,商店購買,タヌキ商店,Nook's Cranny,Green,Green,綠,グリーン,Green,1.0.0,1,No,Toy Walls,7,0,80,0,1,80,43,149
Item:Blue playroom wall (New Horizons),Blue playroom wall,藍色兒童房壁紙,藍色兒童房壁紙,蓝色儿童房壁纸,あおいキッズルームのかべがみ,True,File:Blue Playroom Wall NH Screenshot.jpg,藍色兒童房壁紙_Blue_playroom_wall.jpg,images/wallpapers/藍色兒童房壁紙_Blue_playroom_wall.webp,https://dodo.ac/np/images/c/c4/Blue_Playroom_Wall_NH_Screenshot.jpg,1280,720,190704,4888,RoomTexWallToy,0,4888,111,43,Nook's Cranny,shop,商店購買,タヌキ商店,Nook's Cranny,Aqua,Blue,水藍 / 藍,アクア / ブルー,Aqua / Blue,1.0.0,1,No,Toy Walls,8,0,80,0,1,80,43,150
Item:Yellow quilt wall (New Horizons),Yellow quilt wall,黃色拼布牆,黃色拼布牆,黄色拼布墙,イエローキルトのかべ,True,File:Yellow Quilt Wall NH Screenshot.jpg,黃色拼布牆_Yellow_quilt_wall.jpg,images/wallpapers/黃色拼布牆_Yellow_quilt_wall.webp,https://dodo.ac/np/images/0/08/Yellow_Quilt_Wall_NH_Screenshot.jpg,1280,720,169788,7276,RoomTexWallDollhouse,2,7274,255,308,Nook's Cranny,shop,商店購買,タヌキ商店,Nook's Cranny,Yellow,White,黃 / 白,イエロー / ホワイト,Yellow / White,1.0.0,1,No,Dollhouse Walls,5,0,80,0,1,80,44,151
Item:Pink quilt wall (New Horizons),Pink quilt wall,粉紅色拼布牆,粉紅色拼布牆,粉红色拼布墙,ピンクキルトのかべ,True,File:Pink Quilt Wall NH Screenshot.jpg,粉紅色拼布牆_Pink_quilt_wall.jpg,images/wallpapers/粉紅色拼布牆_Pink_quilt_wall.webp,https://dodo.ac/np/images/7/71/Pink_Quilt_Wall_NH_Screenshot.jpg,1280,720,173246,7274,RoomTexWallDollhouse,0,7274,253,209,Nook's Cranny,shop,商店購買,タヌキ商店,Nook's Cranny,Pink,White,粉紅 / 白,ピンク / ホワイト,Pink / White,1.0.0,1,No,Dollhouse Walls,6,0,80,0,1,80,44,152
Item:Blue quilt wall (New Horizons),Blue quilt wall,藍色拼布牆,藍色拼布牆,蓝色拼布墙,ブルーキルトのかべ,True,File:Blue Quilt Wall NH Screenshot.jpg,藍色拼布牆_Blue_quilt_wall.jpg,images/wallpapers/藍色拼布牆_Blue_quilt_wall.webp,https://dodo.ac/np/images/c/c2/Blue_Quilt_Wall_NH_Screenshot.jpg,1280,720,174837,7277,RoomTexWallDollhouse,1,7274,254,44,Nook's Cranny,shop,商店購買,タヌキ商店,Nook's Cranny,Blue,White,藍 / 白,ブルー / ホワイト,Blue / White,1.0.0,1,No,Dollhouse Walls,8,0,80,0,1,80,44,153
Item:Purple quilt wall (New Horizons),Purple quilt wall,紫色拼布牆,紫色拼布牆,紫色拼布墙,パープルキルトのかべ,True,File:Purple Quilt Wall NH Screenshot.jpg,紫色拼布牆_Purple_quilt_wall.jpg,images/wallpapers/紫色拼布牆_Purple_quilt_wall.webp,https://dodo.ac/np/images/f/f0/Purple_Quilt_Wall_NH_Screenshot.jpg,1280,720,179361,7275,RoomTexWallDollhouse,3,7274,256,221,Nook's Cranny,shop,商店購買,タヌキ商店,Nook's Cranny,Purple,White,紫 / 白,パープル / ホワイト,Purple / White,1.0.0,1,No,Dollhouse Walls,9,0,80,0,1,80,44,154
Item:Rose wall (New Horizons),Rose wall,玫瑰壁紙,玫瑰壁紙,玫瑰壁纸,バラのかべがみ,True,File:Rose Wall NH Screenshot.jpg,玫瑰壁紙_Rose_wall.jpg,images/wallpapers/玫瑰壁紙_Rose_wall.webp,https://dodo.ac/np/images/2/20/Rose_Wall_NH_Screenshot.jpg,1280,720,215638,4906,RoomTexWallRose,0,4906,131,242,Nook's Cranny,shop,商店購買,タヌキ商店,Nook's Cranny,Red,White,紅 / 白,レッド / ホワイト,Red / White,1.0.0,1,No,Rose Walls,1,0,80,0,1,80,52,155
Item:White-rose wall (New Horizons),White-rose wall,白色玫瑰壁紙,白色玫瑰壁紙,白色玫瑰壁纸,しろいバラのかべがみ,True,File:White-Rose Wall NH Screenshot.jpg,白色玫瑰壁紙_White-rose_wall.jpg,images/wallpapers/白色玫瑰壁紙_White-rose_wall.webp,https://dodo.ac/np/images/8/89/White-Rose_Wall_NH_Screenshot.jpg,1280,720,216461,6868,RoomTexWallRose,2,4906,133,298,Nook's Cranny,shop,商店購買,タヌキ商店,Nook's Cranny,Pink,White,粉紅 / 白,ピンク / ホワイト,Pink / White,1.0.0,1,No,Rose Walls,1,0,80,0,1,80,52,156
Item:Blue-rose wall (New Horizons),Blue-rose wall,藍色玫瑰壁紙,藍色玫瑰壁紙,蓝色玫瑰壁纸,あおいバラのかべがみ,True,File:Blue-Rose Wall NH Screenshot.jpg,藍色玫瑰壁紙_Blue-rose_wall.jpg,images/wallpapers/藍色玫瑰壁紙_Blue-rose_wall.webp,https://dodo.ac/np/images/9/99/Blue-Rose_Wall_NH_Screenshot.jpg,1280,720,228681,6869,RoomTexWallRose,3,4906,134,52,Nook's Cranny,shop,商店購買,タヌキ商店,Nook's Cranny,Blue,Aqua,藍 / 水藍,ブルー / アクア,Blue / Aqua,1.0.0,1,No,Rose Walls,8,0,80,0,1,80,52,157
Item:Purple-rose wall (New Horizons),Purple-rose wall,紫色玫瑰壁紙,紫色玫瑰壁紙,紫色玫瑰壁纸,むらさきのバラのかべがみ,True,File:Purple-Rose Wall NH Screenshot.jpg,紫色玫瑰壁紙_Purple-rose_wall.jpg,images/wallpapers/紫色玫瑰壁紙_Purple-rose_wall.webp,https://dodo.ac/np/images/1/1a/Purple-Rose_Wall_NH_Screenshot.jpg,1280,720,224559,4907,RoomTexWallRose,1,4906,132,222,Nook's Cranny,shop,商店購買,タヌキ商店,Nook's Cranny,Purple,Purple,紫,パープル,Purple,1.0.0,1,No,Rose Walls,9,0,80,0,1,80,52,158
Item:Cherry wall (New Horizons),Cherry wall,櫻桃壁紙,櫻桃壁紙,樱桃壁纸,さくらんぼのかべがみ,True,File:Cherry Wall NH Screenshot.jpg,櫻桃壁紙_Cherry_wall.jpg,images/wallpapers/櫻桃壁紙_Cherry_wall.webp,https://dodo.ac/np/images/1/1a/Cherry_Wall_NH_Screenshot.jpg,1280,720,218489,4919,RoomTexWallCherry,0,4919,149,71,Crafting,diy,DIY製作,DIYレシピ,Crafting,Pink,Red,粉紅 / 紅,ピンク / レッド,Pink / Red,1.0.0,1,No,Fruit Walls,6,0,80,0,1,80,71,159
Item:Sepia puzzle wall (New Horizons),Sepia puzzle wall,深褐色巧拼壁紙,深褐色巧拼壁紙,棕黑色拼图壁纸,セピアパズルかべがみ,True,File:Sepia Puzzle Wall NH Screenshot.jpg,深褐色巧拼壁紙_Sepia_puzzle_wall.jpg,images/wallpapers/深褐色巧拼壁紙_Sepia_puzzle_wall.webp,https://dodo.ac/np/images/1/1d/Sepia_Puzzle_Wall_NH_Screenshot.jpg,1280,720,144783,6874,RoomTexWallPuzzle,2,4886,109,250,Nook's Cranny,shop,商店購買,タヌキ商店,Nook's Cranny,Beige,Colorful,米 / 彩色,ベージュ / カラフル,Beige / Colorful,1.0.0,1,No,Puzzle Walls,2,0,80,0,1,80,86,160
Item:Pastel puzzle wall (New Horizons),Pastel puzzle wall,粉嫩巧拼壁紙,粉嫩巧拼壁紙,粉嫩拼图壁纸,パステルパズルかべがみ,True,File:Pastel Puzzle Wall NH Screenshot.jpg,粉嫩巧拼壁紙_Pastel_puzzle_wall.jpg,images/wallpapers/粉嫩巧拼壁紙_Pastel_puzzle_wall.webp,https://dodo.ac/np/images/4/4b/Pastel_Puzzle_Wall_NH_Screenshot.jpg,1280,720,140776,4886,RoomTexWallPuzzle,0,4886,107,196,Nook's Cranny,shop,商店購買,タヌキ商店,Nook's Cranny,White,White,白,ホワイト,White,1.0.0,1,No,Puzzle Walls,6,0,80,0,1,80,86,161
Item:Purple puzzle wall (New Horizons),Purple puzzle wall,紫色巧拼壁紙,紫色巧拼壁紙,紫色拼图壁纸,パープルパズルかべがみ,True,File:Purple Puzzle Wall NH Screenshot.jpg,紫色巧拼壁紙_Purple_puzzle_wall.jpg,images/wallpapers/紫色巧拼壁紙_Purple_puzzle_wall.webp,https://dodo.ac/np/images/2/2b/Purple_Puzzle_Wall_NH_Screenshot.jpg,1280,720,152263,6875,RoomTexWallPuzzle,3,4886,110,220,Nook's Cranny,shop,商店購買,タヌキ商店,Nook's Cranny,Purple,Colorful,紫 / 彩色,パープル / カラフル,Purple / Colorful,1.0.0,1,No,Puzzle Walls,9,0,80,0,1,80,86,162
Item:Colorful puzzle wall (New Horizons),Colorful puzzle wall,彩色巧拼壁紙,彩色巧拼壁紙,彩色拼图壁纸,カラフルパズルかべがみ,True,File:Colorful Puzzle Wall NH Screenshot.jpg,彩色巧拼壁紙_Colorful_puzzle_wall.jpg,images/wallpapers/彩色巧拼壁紙_Colorful_puzzle_wall.webp,https://dodo.ac/np/images/4/47/Colorful_Puzzle_Wall_NH_Screenshot.jpg,1280,720,163187,4887,RoomTexWallPuzzle,1,4886,108,86,Nook's Cranny,shop,商店購買,タヌキ商店,Nook's Cranny,Colorful,Colorful,彩色,カラフル,Colorful,1.0.0,1,No,Puzzle Walls,10,0,80,0,1,80,86,163
Item:Cute white wall (New Horizons),Cute white wall,白色可愛牆,白色可愛牆,白色可爱墙,しろいキュートなかべ,True,File:Cute White Wall NH Screenshot.jpg,白色可愛牆_Cute_white_wall.jpg,images/wallpapers/白色可愛牆_Cute_white_wall.webp,https://dodo.ac/np/images/e/e9/Cute_White_Wall_NH_Screenshot.jpg,1280,720,149272,7215,RoomTexWallCute,0,7215,245,96,Nook's Cranny,shop,商店購買,タヌキ商店,Nook's Cranny,White,White,白,ホワイト,White,1.0.0,1,No,Cute Walls,1,0,80,0,1,80,93,164
Item:Cute yellow wall (New Horizons),Cute yellow wall,黃色可愛牆,黃色可愛牆,黄色可爱墙,きいろいキュートなかべ,True,File:Cute Yellow Wall NH Screenshot.jpg,黃色可愛牆_Cute_yellow_wall.jpg,images/wallpapers/黃色可愛牆_Cute_yellow_wall.webp,https://dodo.ac/np/images/3/32/Cute_Yellow_Wall_NH_Screenshot.jpg,1280,720,155877,7218,RoomTexWallCute,3,7215,248,97,Nook's Cranny,shop,商店購買,タヌキ商店,Nook's Cranny,Yellow,White,黃 / 白,イエロー / ホワイト,Yellow / White,1.0.0,1,No,Cute Walls,5,0,80,0,1,80,93,165
Item:Cute red wall (New Horizons),Cute red wall,紅色可愛牆,紅色可愛牆,红色可爱墙,あかいキュートなかべ,True,File:Cute Red Wall NH Screenshot.jpg,紅色可愛牆_Cute_red_wall.jpg,images/wallpapers/紅色可愛牆_Cute_red_wall.webp,https://dodo.ac/np/images/9/97/Cute_Red_Wall_NH_Screenshot.jpg,1280,720,150029,7216,RoomTexWallCute,1,7215,246,95,Nook's Cranny,shop,商店購買,タヌキ商店,Nook's Cranny,Red,White,紅 / 白,レッド / ホワイト,Red / White,1.0.0,1,No,Cute Walls,6,0,80,0,1,80,93,166
Item:Cute blue wall (New Horizons),Cute blue wall,藍色可愛牆,藍色可愛牆,蓝色可爱墙,ブルーなキュートのかべ,True,File:Cute Blue Wall NH Screenshot.jpg,藍色可愛牆_Cute_blue_wall.jpg,images/wallpapers/藍色可愛牆_Cute_blue_wall.webp,https://dodo.ac/np/images/2/24/Cute_Blue_Wall_NH_Screenshot.jpg,1280,720,147153,7217,RoomTexWallCute,2,7215,247,93,Nook's Cranny,shop,商店購買,タヌキ商店,Nook's Cranny,Blue,White,藍 / 白,ブルー / ホワイト,Blue / White,1.0.0,1,No,Cute Walls,8,0,80,0,1,80,93,167
Item:Orange wall (New Horizons),Orange wall,橘子壁紙,橘子壁紙,橘子壁纸,オレンジのかべがみ,True,File:Orange Wall NH Screenshot.jpg,橘子壁紙_Orange_wall.jpg,images/wallpapers/橘子壁紙_Orange_wall.webp,https://dodo.ac/np/images/3/3c/Orange_Wall_NH_Screenshot.jpg,1280,720,256370,4915,RoomTexWallOrange,0,4915,145,188,Crafting,diy,DIY製作,DIYレシピ,Crafting,Orange,Orange,橘,オレンジ,Orange,1.0.0,1,No,Fruit Walls,5,0,80,0,1,80,188,168
Item:Peach wall (New Horizons),Peach wall,桃子壁紙,桃子壁紙,桃子壁纸,モモのかべがみ,True,File:Peach Wall NH Screenshot.jpg,桃子壁紙_Peach_wall.jpg,images/wallpapers/桃子壁紙_Peach_wall.webp,https://dodo.ac/np/images/9/95/Peach_Wall_NH_Screenshot.jpg,1280,720,224488,4918,RoomTexWallPeach,0,4918,148,199,Crafting,diy,DIY製作,DIYレシピ,Crafting,Pink,Pink,粉紅,ピンク,Pink,1.0.0,1,No,Fruit Walls,6,0,80,0,1,80,199,169
Item:Pear wall (New Horizons),Pear wall,梨子壁紙,梨子壁紙,梨子壁纸,ナシのかべがみ,True,File:Pear Wall NH Screenshot.jpg,梨子壁紙_Pear_wall.jpg,images/wallpapers/梨子壁紙_Pear_wall.webp,https://dodo.ac/np/images/e/e6/Pear_Wall_NH_Screenshot.jpg,1280,720,202314,4917,RoomTexWallPear,0,4917,147,200,Crafting,diy,DIY製作,DIYレシピ,Crafting,Green,Green,綠,グリーン,Green,1.0.0,1,No,Fruit Walls,7,0,80,0,1,80,200,170
Item:Zen architecture wall (New Horizons),Zen architecture wall,和風建築牆,和风建筑墙,和風建築牆,わふうけんちくのかべ,False,File:Zen_Architecture_Wall_NH_Icon.png,和風建築牆_Zen_architecture_wall.png,images/wallpapers/和風建築牆_Zen_architecture_wall.webp,https://dodo.ac/np/images/8/84/Zen_Architecture_Wall_NH_Icon.png,128,128,17993,13333,RoomTexWallTwotone,0,13333,297,312,Nook's Cranny,shop,商店購買,タヌキ商店,Nook's Cranny,Beige,Beige,米,ベージュ,Beige,2.0.0,2,No,Japanese Style,2,0,50,0,2,50,312,171
Item:Paradise Planning wall (New Horizons),Paradise Planning wall,巧美生活壁紙,巧美生活壁纸,巧美生活壁紙,タクミライフのかべがみ,False,File:Paradise_Planning_Wall_NH_Icon.png,巧美生活壁紙_Paradise_Planning_wall.png,images/wallpapers/巧美生活壁紙_Paradise_Planning_wall.webp,https://dodo.ac/np/images/1/16/Paradise_Planning_Wall_NH_Icon.png,128,128,18615,13020,RoomTexWallGoldRich,0,13020,289,193,Wardell,npc,活動/NPC,イベント/住民,Event / Special NPC,Yellow,Yellow,黃,イエロー,Yellow,2.0.0,2,No,WallGoldSilverBronze,5,0,80,0,2,80,193,172
Item:Paw-print wall (New Horizons),Paw-print wall,肉球壁紙,肉球壁纸,肉球壁紙,にくきゅうなかべがみ,False,File:Paw-Print_Wall_NH_Icon.png,肉球壁紙_Paw-print_wall.png,images/wallpapers/肉球壁紙_Paw-print_wall.webp,https://dodo.ac/np/images/f/f6/Paw-Print_Wall_NH_Icon.png,128,128,18350,13482,RoomTexWallFootmark,0,13482,301,197,Nook's Cranny,shop,商店購買,タヌキ商店,Nook's Cranny,Yellow,Beige,黃 / 米,イエロー / ベージュ,Yellow / Beige,2.0.0,2,No,Cute Walls,2,0,80,0,2,80,197,173
Item:Aurora wall (New Horizons),Aurora wall,極光牆,極光牆,极光墙,オーロラのかべ,True,File:Aurora Wall NH Screenshot.jpg,極光牆_Aurora_wall.jpg,images/wallpapers/極光牆_Aurora_wall.webp,https://dodo.ac/np/images/9/94/Aurora_Wall_NH_Screenshot.jpg,1280,720,170535,13609,RoomSpWallAurora,0,13609,305,9,Nook Shopping Seasonal,seasonal,季節限定,シーズン限定,Seasonal / Event,Blue,Aqua,藍 / 水藍,ブルー / アクア,Blue / Aqua,1.6.0,1,Yes,Special Cool Nature Walls,8,1,110,1,1,110,9,174
Item:Autumn wall (New Horizons),Autumn wall,楓葉牆,楓葉牆,枫叶墙,こうようのかべ,True,File:Autumn Tile Wall NH Screenshot.jpg,楓葉牆_Autumn_wall.jpg,images/wallpapers/楓葉牆_Autumn_wall.webp,https://dodo.ac/np/images/5/53/Autumn_Tile_Wall_NH_Screenshot.jpg,1280,720,285610,4905,RoomSpWallAutumun,0,4905,130,10,Crafting,diy,DIY製作,DIYレシピ,Crafting,Brown,Orange,棕 / 橘,ブラウン / オレンジ,Brown / Orange,1.0.0,1,Yes,Special Warm Nature Walls,2,1,110,1,1,110,10,175
Item:Backyard-fence wall (New Horizons),Backyard-fence wall,後院牆,後院牆,后院墙,うらにわのかべ,True,File:Backyard-Fence Wall NH Screenshot.jpg,後院牆_Backyard-fence_wall.jpg,images/wallpapers/後院牆_Backyard-fence_wall.webp,https://dodo.ac/np/images/8/85/Backyard-Fence_Wall_NH_Screenshot.jpg,1280,720,176402,5481,RoomSpWallBackyard,0,5481,196,11,Saharah; Saharah's Co-op,saharah,駱嵐,ローラン,Saharah,Aqua,White,水藍 / 白,アクア / ホワイト,Aqua / White,1.0.0,1,Yes,Special Cool Nature Walls,1,1,110,1,1,110,11,176
Item:Bamboo wall (New Horizons),Bamboo wall,竹子牆,竹子牆,竹子墙,バンブーなかべ,True,File:Bamboo Wall NH Screenshot.jpg,竹子牆_Bamboo_wall.jpg,images/wallpapers/竹子牆_Bamboo_wall.webp,https://dodo.ac/np/images/c/c7/Bamboo_Wall_NH_Screenshot.jpg,1280,720,222347,4833,RoomTexWallBamboo,0,4833,45,12,Crafting,diy,DIY製作,DIYレシピ,Crafting,Green,Beige,綠 / 米,グリーン / ベージュ,Green / Beige,1.0.0,1,No,Nature Walls,2,1,110,1,1,110,12,177
Item:Bamboo-grove wall (New Horizons),Bamboo-grove wall,竹林牆,竹林牆,竹林墙,ちくりんのかべ,True,File:Bamboo-Grove Wall NH Screenshot.jpg,竹林牆_Bamboo-grove_wall.jpg,images/wallpapers/竹林牆_Bamboo-grove_wall.webp,https://dodo.ac/np/images/f/f4/Bamboo-Grove_Wall_NH_Screenshot.jpg,1280,720,240040,4853,RoomTexWallChikurin,0,4853,69,13,Crafting,diy,DIY製作,DIYレシピ,Crafting,Green,Green,綠,グリーン,Green,1.0.0,1,No,Nature Walls,7,1,110,1,1,110,13,178
Item:Butterflies wall (New Horizons),Butterflies wall,蝴蝶壁紙,蝴蝶壁紙,蝴蝶壁纸,バタフライなかべがみ,True,File:Butterflies Wall NH Screenshot.jpg,蝴蝶壁紙_Butterflies_wall.jpg,images/wallpapers/蝴蝶壁紙_Butterflies_wall.webp,https://dodo.ac/np/images/e/ef/Butterflies_Wall_NH_Screenshot.jpg,1280,720,222249,4880,RoomTexWallInsect,0,4880,100,65,Flick,npc,活動/NPC,イベント/住民,Event / Special NPC,White,Colorful,白 / 彩色,ホワイト / カラフル,White / Colorful,1.0.0,1,No,Nature Walls,1,1,110,1,1,110,65,179
Item:Chain-link fence (New Horizons),Chain-link fence,空地圍欄牆,空地圍欄牆,空地围栏墙,あきちのかべ,True,File:Chain-Link Fence NH Screenshot.jpg,空地圍欄牆_Chain-link_fence.jpg,images/wallpapers/空地圍欄牆_Chain-link_fence.webp,https://dodo.ac/np/images/e/ef/Chain-Link_Fence_NH_Screenshot.jpg,1280,720,232791,5485,RoomSpWallEmptyLot,0,5485,200,70,Saharah; Saharah's Co-op,saharah,駱嵐,ローラン,Saharah,Gray,Gray,灰,グレー,Gray,1.0.0,1,Yes,Special Cool Nature Walls,3,1,110,1,1,110,70,180
Item:Cherry-blossom-trees wall (New Horizons),Cherry-blossom-trees wall,櫻花樹牆,櫻花樹牆,樱花树墙,さくらなみきのかべ,True,File:Cherry-Blossom-Trees Wall NH Screenshot.jpg,櫻花樹牆_Cherry-blossom-trees_wall.jpg,images/wallpapers/櫻花樹牆_Cherry-blossom-trees_wall.webp,https://dodo.ac/np/images/6/63/Cherry-Blossom-Trees_Wall_NH_Screenshot.jpg,1280,720,325206,7205,RoomSpWallSakura,0,7205,244,72,Crafting,diy,DIY製作,DIYレシピ,Crafting,Brown,Pink,棕 / 粉紅,ブラウン / ピンク,Brown / Pink,1.0.0,1,Yes,Special Warm Nature Walls,2,1,110,1,1,110,72,181
Item:Desert vista (New Horizons),Desert vista,沙漠牆,沙漠牆,沙漠墙,さばくなかべ,True,File:Desert Vista NH Screenshot.jpg,沙漠牆_Desert_vista.jpg,images/wallpapers/沙漠牆_Desert_vista.webp,https://dodo.ac/np/images/9/93/Desert_Vista_NH_Screenshot.jpg,1280,720,116257,5488,RoomSpWallDesert,0,5488,203,100,Saharah; Saharah's Co-op,saharah,駱嵐,ローラン,Saharah,Beige,Gray,米 / 灰,ベージュ / グレー,Beige / Gray,1.0.0,1,Yes,Special Cool Nature Walls,2,1,110,1,1,110,100,182
Item:Fireworks-show wall (New Horizons),Fireworks-show wall,煙火大會牆,煙火大會牆,烟花大会墙,はなびたいかいのかべ,True,File:Fireworks-Show Wall NH Screenshot.jpg,煙火大會牆_Fireworks-show_wall.jpg,images/wallpapers/煙火大會牆_Fireworks-show_wall.webp,https://dodo.ac/np/images/0/0f/Fireworks-Show_Wall_NH_Screenshot.jpg,1280,720,231279,13230,RoomSpWallFireworks,0,13230,292,108,Nintendo; Saharah; Saharah's Co-op,saharah,駱嵐,ローラン,Saharah,Black,Black,黑,ブラック,Black,1.4.0,1,Yes,Special Warm Nature Walls,4,1,110,1,1,110,108,183
Item:Forest wall (New Horizons),Forest wall,蘑菇森林牆,蘑菇森林牆,蘑菇森林墙,キノコのもりのかべ,True,File:Forest Wall NH Screenshot.jpg,蘑菇森林牆_Forest_wall.jpg,images/wallpapers/蘑菇森林牆_Forest_wall.webp,https://dodo.ac/np/images/8/8b/Forest_Wall_NH_Screenshot.jpg,1280,720,223717,7187,RoomTexWallMushForest,0,7187,243,109,Crafting,diy,DIY製作,DIYレシピ,Crafting,Black,Black,黑,ブラック,Black,1.0.0,1,No,Nature Walls,4,1,110,1,1,110,109,184
Item:Ivy wall (New Horizons),Ivy wall,常春藤牆,常春藤牆,常春藤墙,つたのかべ,True,File:Ivy Wall NH Screenshot.jpg,常春藤牆_Ivy_wall.jpg,images/wallpapers/常春藤牆_Ivy_wall.webp,https://dodo.ac/np/images/0/09/Ivy_Wall_NH_Screenshot.jpg,1280,720,250530,4850,RoomTexWallIvy,0,4850,66,148,Saharah; Saharah's Co-op,saharah,駱嵐,ローラン,Saharah,Brown,Green,棕 / 綠,ブラウン / グリーン,Brown / Green,1.0.0,1,No,Nature Walls,2,1,110,1,1,110,148,185
Item:Jungle wall (New Horizons),Jungle wall,叢林壁紙,叢林壁紙,丛林壁纸,ジャングルのかべがみ,True,File:Jungle Wall NH Screenshot.jpg,叢林壁紙_Jungle_wall.jpg,images/wallpapers/叢林壁紙_Jungle_wall.webp,https://dodo.ac/np/images/1/19/Jungle_Wall_NH_Screenshot.jpg,1280,720,300193,5457,RoomTexWallJungle,0,5457,194,150,Crafting,diy,DIY製作,DIYレシピ,Crafting,Green,Green,綠,グリーン,Green,1.0.0,1,No,Nature Walls,7,1,110,1,1,110,150,186
Item:Magma-cavern wall (New Horizons),Magma-cavern wall,火山洞窟牆,火山洞窟牆,火山洞窟墙,かざんどうくつのかべ,True,File:Magma-Cavern Wall NH Screenshot.jpg,火山洞窟牆_Magma-cavern_wall.jpg,images/wallpapers/火山洞窟牆_Magma-cavern_wall.webp,https://dodo.ac/np/images/9/9d/Magma-Cavern_Wall_NH_Screenshot.jpg,1280,720,282991,5506,RoomSpWallVolcano,0,5506,220,158,Saharah; Saharah's Co-op,saharah,駱嵐,ローラン,Saharah,Orange,Orange,橘,オレンジ,Orange,1.0.0,1,Yes,Special Warm Nature Walls,5,1,110,1,1,110,158,187
Item:Mangrove wall (New Horizons),Mangrove wall,紅樹林牆,紅樹林牆,红树林墙,マングローブのかべ,True,File:Mangrove Wall NH Screenshot.jpg,紅樹林牆_Mangrove_wall.jpg,images/wallpapers/紅樹林牆_Mangrove_wall.webp,https://dodo.ac/np/images/5/51/Mangrove_Wall_NH_Screenshot.jpg,1280,720,245555,5514,RoomTexWallMangrove,0,5514,228,160,Saharah; Saharah's Co-op,saharah,駱嵐,ローラン,Saharah,Green,Green,綠,グリーン,Green,1.0.0,1,No,Nature Walls,6,1,110,1,1,110,160,188
Item:Meadow vista (New Horizons),Meadow vista,高原牆,高原牆,高原墙,こうげんなかべ,True,File:Meadow Vista NH Screenshot.jpg,高原牆_Meadow_vista.jpg,images/wallpapers/高原牆_Meadow_vista.webp,https://dodo.ac/np/images/9/9c/Meadow_Vista_NH_Screenshot.jpg,1280,720,218474,5484,RoomSpWallHighLands,0,5484,199,162,Saharah; Saharah's Co-op,saharah,駱嵐,ローラン,Saharah,Green,Aqua,綠 / 水藍,グリーン / アクア,Green / Aqua,1.0.0,1,Yes,Special Cool Nature Walls,7,1,110,1,1,110,162,189
Item:Mermaid wall (New Horizons),Mermaid wall,人魚壁紙,人魚壁紙,人鱼壁纸,マーメイドなかべがみ,True,File:Mermaid Wall NH Screenshot.jpg,人魚壁紙_Mermaid_wall.jpg,images/wallpapers/人魚壁紙_Mermaid_wall.webp,https://dodo.ac/np/images/7/7f/Mermaid_Wall_NH_Screenshot.jpg,1280,720,191515,12566,RoomSpWallMermaid,0,12566,269,163,Crafting,diy,DIY製作,DIYレシピ,Crafting,Pink,Aqua,粉紅 / 水藍,ピンク / アクア,Pink / Aqua,1.3.0,1,Yes,Special Warm Nature Walls,6,1,110,1,1,110,163,190
Item:Misty-garden wall (New Horizons),Misty-garden wall,毛毛細雨牆,毛毛細雨牆,毛毛细雨墙,こさめのふるかべ,True,File:Misty-Garden Wall NH Screenshot.jpg,毛毛細雨牆_Misty-garden_wall.jpg,images/wallpapers/毛毛細雨牆_Misty-garden_wall.webp,https://dodo.ac/np/images/b/b5/Misty-Garden_Wall_NH_Screenshot.jpg,1280,720,222959,11915,RoomSpWallRain,0,11915,264,164,Saharah; Saharah's Co-op,saharah,駱嵐,ローラン,Saharah,Gray,Gray,灰,グレー,Gray,1.0.0,1,Yes,Special Cool Nature Walls,3,1,110,1,1,110,164,191
Item:Mossy-garden wall (New Horizons),Mossy-garden wall,青苔庭園牆,青苔庭園牆,青苔庭院墙,こけにわのかべ,True,File:Mossy-Garden Wall NH Screenshot.jpg,青苔庭園牆_Mossy-garden_wall.jpg,images/wallpapers/青苔庭園牆_Mossy-garden_wall.webp,https://dodo.ac/np/images/4/4c/Mossy-Garden_Wall_NH_Screenshot.jpg,1280,720,231389,5458,RoomTexWallMoss,0,5458,195,174,Saharah; Saharah's Co-op,saharah,駱嵐,ローラン,Saharah,Green,Green,綠,グリーン,Green,1.0.0,1,No,Nature Walls,7,1,110,1,1,110,174,192
Item:Ocean-horizon wall (New Horizons),Ocean-horizon wall,水平線牆,水平線牆,水平线墙,すいへいせんのかべ,True,File:Ocean-Horizon Wall NH Screenshot.jpg,水平線牆_Ocean-horizon_wall.jpg,images/wallpapers/水平線牆_Ocean-horizon_wall.webp,https://dodo.ac/np/images/e/ec/Ocean-Horizon_Wall_NH_Screenshot.jpg,1280,720,163658,5486,RoomSpWallHorizon,0,5486,201,180,Saharah; Saharah's Co-op,saharah,駱嵐,ローラン,Saharah,Blue,Aqua,藍 / 水藍,ブルー / アクア,Blue / Aqua,1.0.0,1,Yes,Special Cool Nature Walls,8,1,110,1,1,110,180,193
Item:Rice-paddy wall (New Horizons),Rice-paddy wall,田園風景牆,田園風景牆,田园风景墙,でんえんふうけいのかべ,True,File:Rice-Paddy Wall NH Screenshot.jpg,田園風景牆_Rice-paddy_wall.jpg,images/wallpapers/田園風景牆_Rice-paddy_wall.webp,https://dodo.ac/np/images/0/03/Rice-Paddy_Wall_NH_Screenshot.jpg,1280,720,174663,5487,RoomSpWallFarm,0,5487,202,236,Saharah; Saharah's Co-op,saharah,駱嵐,ローラン,Saharah,Aqua,Green,水藍 / 綠,アクア / グリーン,Aqua / Green,1.0.0,1,Yes,Special Cool Nature Walls,7,1,110,1,1,110,236,194
Item:Ruins wall (New Horizons),Ruins wall,遺跡牆,遺跡牆,遗迹墙,いせきのかべ,True,File:Ruins Wall NH Screenshot.jpg,遺跡牆_Ruins_wall.jpg,images/wallpapers/遺跡牆_Ruins_wall.webp,https://dodo.ac/np/images/e/ee/Ruins_Wall_NH_Screenshot.jpg,1280,720,215490,5228,RoomTexWallRemains,0,5228,187,243,Saharah; Saharah's Co-op,saharah,駱嵐,ローラン,Saharah,Black,Gray,黑 / 灰,ブラック / グレー,Black / Gray,1.0.0,1,No,Nature Walls,3,1,110,1,1,110,243,195
Item:Sea view (New Horizons),Sea view,汪洋大海牆,汪洋大海牆,汪洋大海墙,おおうなばらのかべ,True,File:Sea View NH Screenshot.jpg,汪洋大海牆_Sea_view.jpg,images/wallpapers/汪洋大海牆_Sea_view.webp,https://dodo.ac/np/images/8/84/Sea_View_NH_Screenshot.jpg,1280,720,162553,5501,RoomSpWallSeaView,0,5501,215,248,Saharah; Saharah's Co-op,saharah,駱嵐,ローラン,Saharah,Aqua,Blue,水藍 / 藍,アクア / ブルー,Aqua / Blue,1.0.0,1,Yes,Special Cool Nature Walls,8,1,110,1,1,110,248,196
Item:Ski-slope wall (New Horizons),Ski-slope wall,滑雪場壁紙,滑雪場壁紙,滑雪场壁纸,ゲレンデなかべがみ,True,File:Ski-Slope Wall NH Screenshot.jpg,滑雪場壁紙_Ski-slope_wall.jpg,images/wallpapers/滑雪場壁紙_Ski-slope_wall.webp,https://dodo.ac/np/images/3/35/Ski-Slope_Wall_NH_Screenshot.jpg,1280,720,197149,5498,RoomSpWallGelande,0,5498,212,254,Crafting,diy,DIY製作,DIYレシピ,Crafting,White,White,白,ホワイト,White,1.0.0,1,Yes,Special Cool Nature Walls,1,1,110,1,1,110,254,197
Item:Sky wall (New Horizons),Sky wall,雲上風景牆,雲上風景牆,云上风景墙,くものうえのかべ,True,File:Sky Wall NH Screenshot.jpg,雲上風景牆_Sky_wall.jpg,images/wallpapers/雲上風景牆_Sky_wall.webp,https://dodo.ac/np/images/0/02/Sky_Wall_NH_Screenshot.jpg,1280,720,120714,5504,RoomSpWallCloud,0,5504,218,256,Saharah; Saharah's Co-op,saharah,駱嵐,ローラン,Saharah,Aqua,White,水藍 / 白,アクア / ホワイト,Aqua / White,1.0.0,1,Yes,Special Cool Nature Walls,1,1,110,1,1,110,256,198
Item:Stadium wall (New Horizons),Stadium wall,體育場牆,體育場牆,体育场墙,スタジアムのかべ,False,File:Stadium_Wall_NH_Icon.png,體育場牆_Stadium_wall.png,images/wallpapers/體育場牆_Stadium_wall.webp,https://dodo.ac/np/images/7/70/Stadium_Wall_NH_Icon.png,128,128,22429,5503,RoomSpWallStadium,0,5503,217,262,Saharah; Saharah's Co-op,saharah,駱嵐,ローラン,Saharah,Colorful,Colorful,彩色,カラフル,Colorful,1.0.0,1,Yes,Special Cool Nature Walls,10,1,110,1,1,110,262,199
Item:Starry wall (New Horizons),Starry wall,星星牆,星星牆,星星墙,スターなかべ,True,File:Starry Wall NH Screenshot.jpg,星星牆_Starry_wall.jpg,images/wallpapers/星星牆_Starry_wall.webp,https://dodo.ac/np/images/8/8d/Starry_Wall_NH_Screenshot.jpg,1280,720,145579,5528,RoomSpWallStarPrint,0,5528,234,264,Crafting,diy,DIY製作,DIYレシピ,Crafting,Gray,White,灰 / 白,グレー / ホワイト,Gray / White,1.0.0,1,Yes,Special Cool Nature Walls,1,1,110,1,1,110,264,200
Item:Starry-sky wall (New Horizons),Starry-sky wall,星空牆,星空牆,星空墙,ほしぞらのかべ,True,File:Starry-Sky Wall NH Screenshot.jpg,星空牆_Starry-sky_wall.jpg,images/wallpapers/星空牆_Starry-sky_wall.webp,https://dodo.ac/np/images/7/75/Starry-Sky_Wall_NH_Screenshot.jpg,1280,720,139352,5500,RoomSpWallStarSky,0,5500,214,265,Crafting,diy,DIY製作,DIYレシピ,Crafting,Blue,Blue,藍,ブルー,Blue,1.0.0,1,Yes,Special Cool Nature Walls,8,1,110,1,1,110,265,201
Item:Stormy-night wall (New Horizons),Stormy-night wall,暴風雨夜晚牆,暴風雨夜晚牆,暴风雨夜晚墙,あらしのよるのかべ,True,File:Stormy-Night Wall NH Screenshot.jpg,暴風雨夜晚牆_Stormy-night_wall.jpg,images/wallpapers/暴風雨夜晚牆_Stormy-night_wall.webp,https://dodo.ac/np/images/5/59/Stormy-Night_Wall_NH_Screenshot.jpg,1280,720,176075,5499,RoomSpWallThunder,0,5499,213,270,Saharah; Saharah's Co-op,saharah,駱嵐,ローラン,Saharah,Black,Gray,黑 / 灰,ブラック / グレー,Black / Gray,1.0.0,1,Yes,Special Warm Nature Walls,3,1,110,1,1,110,270,202
Item:Summit wall (New Horizons),Summit wall,山頂牆,山頂牆,山顶墙,さんちょうのかべ,True,File:Summit Wall NH Screenshot.jpg,山頂牆_Summit_wall.jpg,images/wallpapers/山頂牆_Summit_wall.webp,https://dodo.ac/np/images/3/38/Summit_Wall_NH_Screenshot.jpg,1280,720,158444,5513,RoomSpWallMountainTop,0,5513,227,274,Saharah; Saharah's Co-op,saharah,駱嵐,ローラン,Saharah,Black,White,黑 / 白,ブラック / ホワイト,Black / White,1.0.0,1,Yes,Special Cool Nature Walls,1,1,110,1,1,110,274,203
Item:Tree-lined wall (New Horizons),Tree-lined wall,行道樹牆,行道樹牆,行道树墙,がいろじゅのかべ,True,File:Tree-Lined Wall NH Screenshot.jpg,行道樹牆_Tree-lined_wall.jpg,images/wallpapers/行道樹牆_Tree-lined_wall.webp,https://dodo.ac/np/images/d/d8/Tree-Lined_Wall_NH_Screenshot.jpg,1280,720,275903,5456,RoomTexWallRoadsideTree,0,5456,193,278,Saharah; Saharah's Co-op,saharah,駱嵐,ローラン,Saharah,Green,Aqua,綠 / 水藍,グリーン / アクア,Green / Aqua,1.0.0,1,No,Nature Walls,7,1,110,1,1,110,278,204
Item:Tropical vista (New Horizons),Tropical vista,南方海洋牆,南方海洋牆,南方海洋墙,みなみのうみなかべ,True,File:Tropical Vista NH Screenshot.jpg,南方海洋牆_Tropical_vista.jpg,images/wallpapers/南方海洋牆_Tropical_vista.webp,https://dodo.ac/np/images/e/ef/Tropical_Vista_NH_Screenshot.jpg,1280,720,137350,5661,RoomSpWallTropical,0,5661,236,279,Crafting,diy,DIY製作,DIYレシピ,Crafting,Aqua,Beige,水藍 / 米,アクア / ベージュ,Aqua / Beige,1.0.0,1,Yes,Special Cool Nature Walls,2,1,110,1,1,110,279,205
Item:Underwater wall (New Horizons),Underwater wall,水中壁紙,水中壁紙,水中壁纸,すいちゅうのかべがみ,True,File:Underwater Wall NH Screenshot.jpg,水中壁紙_Underwater_wall.jpg,images/wallpapers/水中壁紙_Underwater_wall.webp,https://dodo.ac/np/images/c/ce/Underwater_Wall_NH_Screenshot.jpg,1280,720,148026,5508,RoomSpWallFishTank,0,5508,222,281,Crafting,diy,DIY製作,DIYレシピ,Crafting,Blue,Aqua,藍 / 水藍,ブルー / アクア,Blue / Aqua,1.0.0,1,Yes,Special Cool Nature Walls,8,1,110,1,1,110,281,206
Item:Western vista (New Horizons),Western vista,曠野牆,曠野牆,旷野墙,こうやのかべ,True,File:Western Vista NH Screenshot.jpg,曠野牆_Western_vista.jpg,images/wallpapers/曠野牆_Western_vista.webp,https://dodo.ac/np/images/7/7b/Western_Vista_NH_Screenshot.jpg,1280,720,138814,5489,RoomSpWallWilderness,0,5489,204,284,Saharah; Saharah's Co-op,saharah,駱嵐,ローラン,Saharah,Brown,Beige,棕 / 米,ブラウン / ベージュ,Brown / Beige,1.0.0,1,Yes,Special Cool Nature Walls,2,1,110,1,1,110,284,207
Item:Woodland wall (New Horizons),Woodland wall,樹海牆,樹海牆,树海墙,じゅかいなかべ,True,File:Woodland Wall NH Screenshot.jpg,樹海牆_Woodland_wall.jpg,images/wallpapers/樹海牆_Woodland_wall.webp,https://dodo.ac/np/images/d/d8/Woodland_Wall_NH_Screenshot.jpg,1280,720,233919,5223,RoomTexWallJukai,0,5223,182,303,Crafting,diy,DIY製作,DIYレシピ,Crafting,Green,Green,綠,グリーン,Green,1.0.0,1,No,Nature Walls,7,1,110,1,1,110,303,208
Item:Arched-window wall (New Horizons),Arched-window wall,美麗玻璃牆,美麗玻璃牆,美丽玻璃墙,きれいなガラスのかべ,True,File:Arched-Window Wall NH Screenshot.jpg,美麗玻璃牆_Arched-window_wall.jpg,images/wallpapers/美麗玻璃牆_Arched-window_wall.webp,https://dodo.ac/np/images/4/45/Arched-Window_Wall_NH_Screenshot.jpg,1280,720,252323,5482,RoomSpWallGlass,0,5482,197,8,Nook's Cranny,shop,商店購買,タヌキ商店,Nook's Cranny,Brown,Aqua,棕 / 水藍,ブラウン / アクア,Brown / Aqua,1.0.0,1,Yes,Special Walls,2,1,120,1,1,120,8,209
Item:Basic wall (New Horizons),Basic wall,簡約壁板牆,簡約壁板牆,简约壁板墙,シンプルパネルのかべ,True,File:Basic Wall NH Screenshot.jpg,簡約壁板牆_Basic_wall.jpg,images/wallpapers/簡約壁板牆_Basic_wall.webp,https://dodo.ac/np/images/a/ae/Basic_Wall_NH_Screenshot.jpg,1280,720,122095,5559,RoomSpWallSimplePanel,0,5559,235,16,Nook's Cranny,shop,商店購買,タヌキ商店,Nook's Cranny,White,White,白,ホワイト,White,1.0.0,1,Yes,Special Walls,1,1,120,1,1,120,16,210
Item:Café-curtain wall (New Horizons),Café-curtain wall,咖啡店窗簾牆,咖啡店窗簾牆,咖啡店窗帘墙,カフェカーテンのかべ,True,File:Café-Curtain Wall NH Screenshot.jpg,咖啡店窗簾牆_Café-curtain_wall.jpg,images/wallpapers/咖啡店窗簾牆_Café-curtain_wall.webp,https://dodo.ac/np/images/7/7e/Caf%C3%A9-Curtain_Wall_NH_Screenshot.jpg,1280,720,197539,5483,RoomSpWallCafe,0,5483,198,67,Saharah; Saharah's Co-op,saharah,駱嵐,ローラン,Saharah,Black,White,黑 / 白,ブラック / ホワイト,Black / White,1.0.0,1,Yes,Special Walls,2,1,120,1,1,120,67,211
Item:Cityscape wall (New Horizons),Cityscape wall,夜景牆,夜景牆,夜景墙,やけいのかべ,True,File:Cityscape Wall NH Screenshot.jpg,夜景牆_Cityscape_wall.jpg,images/wallpapers/夜景牆_Cityscape_wall.webp,https://dodo.ac/np/images/d/d0/Cityscape_Wall_NH_Screenshot.jpg,1280,720,161585,5400,RoomSpWallNightView,0,5400,191,81,Saharah; Saharah's Co-op,saharah,駱嵐,ローラン,Saharah,Black,Black,黑,ブラック,Black,1.0.0,1,Yes,Special Walls,4,1,120,1,1,120,81,212
Item:Falling-snow wall (New Horizons),Falling-snow wall,下雪牆,下雪牆,下雪墙,ゆきのふるかべ,True,File:Falling-Snow Wall NH Screenshot.jpg,下雪牆_Falling-snow_wall.jpg,images/wallpapers/下雪牆_Falling-snow_wall.webp,https://dodo.ac/np/images/e/e1/Falling-Snow_Wall_NH_Screenshot.jpg,1280,720,218981,13603,RoomSpWallSnowy,0,13603,304,107,Crafting,diy,DIY製作,DIYレシピ,Crafting,Brown,Blue,棕 / 藍,ブラウン / ブルー,Brown / Blue,1.6.0,1,Yes,Special Walls,2,1,120,1,1,120,107,213
Item:Ice wall (New Horizons),Ice wall,冰雪壁紙,冰雪壁紙,冰雪壁纸,アイスなかべがみ,True,File:Ice Wall NH Screenshot.jpg,冰雪壁紙_Ice_wall.jpg,images/wallpapers/冰雪壁紙_Ice_wall.webp,https://dodo.ac/np/images/8/83/Ice_Wall_NH_Screenshot.jpg,1280,720,247477,5505,RoomSpWallIce,0,5505,219,143,Crafting,diy,DIY製作,DIYレシピ,Crafting,Aqua,Aqua,水藍,アクア,Aqua,1.0.0,1,Yes,Special Walls,8,1,120,1,1,120,143,214
Item:Jingle wall (New Horizons),Jingle wall,聖誕牆,聖誕牆,圣诞墙,クリスマスなかべ,True,File:Jingle Wall NH Screenshot.jpg,聖誕牆_Jingle_wall.jpg,images/wallpapers/聖誕牆_Jingle_wall.webp,https://dodo.ac/np/images/6/62/Jingle_Wall_NH_Screenshot.jpg,1280,720,308436,5230,RoomSpWallXmas,0,5230,189,149,Crafting,diy,DIY製作,DIYレシピ,Crafting,Green,Colorful,綠 / 彩色,グリーン / カラフル,Green / Colorful,1.0.0,1,Yes,Special Walls,7,1,120,1,1,120,149,215
Item:Office wall (New Horizons),Office wall,辦公室牆,辦公室牆,办公室墙,オフィスのかべ,True,File:Office Wall NH Screenshot.jpg,辦公室牆_Office_wall.jpg,images/wallpapers/辦公室牆_Office_wall.webp,https://dodo.ac/np/images/6/6a/Office_Wall_NH_Screenshot.jpg,1280,720,169721,5218,RoomTexWallOffice,0,5218,178,181,Saharah; Saharah's Co-op,saharah,駱嵐,ローラン,Saharah,White,Aqua,白 / 水藍,ホワイト / アクア,White / Aqua,1.0.0,1,No,Special Walls,1,1,120,1,1,120,181,216
Item:Pirate wall (New Horizons),Pirate wall,海盜壁紙,海盜壁紙,海盗壁纸,かいぞくのかべがみ,True,File:Pirate Wall NH Screenshot.jpg,海盜壁紙_Pirate_wall.jpg,images/wallpapers/海盜壁紙_Pirate_wall.webp,https://dodo.ac/np/images/d/d5/Pirate_Wall_NH_Screenshot.jpg,1280,720,232772,12567,RoomSpWallPirates,0,12567,270,214,Gullivarrr,npc,活動/NPC,イベント/住民,Event / Special NPC,Blue,Brown,藍 / 棕,ブルー / ブラウン,Blue / Brown,1.3.0,1,Yes,Special Walls,2,1,120,1,1,120,214,217
Item:Prom wall (New Horizons),Prom wall,畢業舞會牆,畢業舞會牆,毕业舞会墙,プロムのかべ,True,File:Prom Wall NH Screenshot.jpg,畢業舞會牆_Prom_wall.jpg,images/wallpapers/畢業舞會牆_Prom_wall.webp,https://dodo.ac/np/images/f/f9/Prom_Wall_NH_Screenshot.jpg,1280,720,221460,14252,RoomSpWallBallroom,0,14252,310,216,Nook Shopping Seasonal,seasonal,季節限定,シーズン限定,Seasonal / Event,Purple,Colorful,紫 / 彩色,パープル / カラフル,Purple / Colorful,1.9.0,1,Yes,Special Walls,9,1,120,1,1,120,216,218
Item:Ringside seating (New Horizons),Ringside seating,職業摔角牆,職業摔角牆,职业摔角墙,プロレスのかべ,True,File:Ringside Seating NH Screenshot.jpg,職業摔角牆_Ringside_seating.jpg,images/wallpapers/職業摔角牆_Ringside_seating.webp,https://dodo.ac/np/images/4/49/Ringside_Seating_NH_Screenshot.jpg,1280,720,248696,5512,RoomSpWallWrestling,0,5512,226,237,Saharah; Saharah's Co-op,saharah,駱嵐,ローラン,Saharah,Black,Black,黑,ブラック,Black,1.0.0,1,Yes,Special Walls,4,1,120,1,1,120,237,219
Item:Ancient wall (New Horizons),Ancient wall,埃及牆,埃及牆,埃及墙,エジプトなかべ,True,File:Ancient Wall NH Screenshot.jpg,埃及牆_Ancient_wall.jpg,images/wallpapers/埃及牆_Ancient_wall.webp,https://dodo.ac/np/images/4/48/Ancient_Wall_NH_Screenshot.jpg,1280,720,291963,4936,RoomTexWallEgypt,0,4936,165,3,Saharah; Saharah's Co-op,saharah,駱嵐,ローラン,Saharah,Beige,Brown,米 / 棕,ベージュ / ブラウン,Beige / Brown,1.0.0,1,No,Asia,2,1,130,1,1,130,3,220
Item:Bank-vault wall (New Horizons),Bank-vault wall,銀行保險箱牆,銀行保險箱牆,银行保险箱墙,かしきんこのかべ,True,File:Bank-Vault Wall NH Screenshot.jpg,銀行保險箱牆_Bank-vault_wall.jpg,images/wallpapers/銀行保險箱牆_Bank-vault_wall.webp,https://dodo.ac/np/images/8/83/Bank-Vault_Wall_NH_Screenshot.jpg,1280,720,237006,4839,RoomTexWallSafeBox,0,4839,53,15,Saharah; Saharah's Co-op,saharah,駱嵐,ローラン,Saharah,Gray,Gray,灰,グレー,Gray,1.0.0,1,No,Iron Walls,3,1,130,1,1,130,15,221
Item:Blackboard wall (New Horizons),Blackboard wall,黑板牆,黑板牆,黑板墙,こくばんのかべ,True,File:Blackboard Wall NH Screenshot.jpg,黑板牆_Blackboard_wall.jpg,images/wallpapers/黑板牆_Blackboard_wall.webp,https://dodo.ac/np/images/6/67/Blackboard_Wall_NH_Screenshot.jpg,1280,720,276914,4882,RoomTexWallBlackBoard,0,4882,102,30,Saharah; Saharah's Co-op,saharah,駱嵐,ローラン,Saharah,Black,Colorful,黑 / 彩色,ブラック / カラフル,Black / Colorful,1.0.0,1,No,Neta Walls,4,1,130,1,1,130,30,222
Item:White wedding wall (New Horizons),White wedding wall,白色婚禮牆,白色婚禮牆,白色婚礼墙,ウェディングなかべ・ホワイト,True,File:White Wedding Wall NH Screenshot.jpg,白色婚禮牆_White_wedding_wall.jpg,images/wallpapers/白色婚禮牆_White_wedding_wall.webp,https://dodo.ac/np/images/5/5f/White_Wedding_Wall_NH_Screenshot.jpg,1280,720,226257,12466,RoomSpWallChurch,0,12466,266,294,Cyrus,npc,活動/NPC,イベント/住民,Event / Special NPC,White,Pink,白 / 粉紅,ホワイト / ピンク,White / Pink,1.2.0,1,Yes,Cloth Walls,1,1,130,1,1,130,61,223
Item:Brown wedding wall (New Horizons),Brown wedding wall,棕色婚禮牆,棕色婚禮牆,茶色婚礼墙,ウェディングなかべ・ブラウン,True,File:Brown Wedding Wall NH Screenshot.jpg,棕色婚禮牆_Brown_wedding_wall.jpg,images/wallpapers/棕色婚禮牆_Brown_wedding_wall.webp,https://dodo.ac/np/images/1/1b/Brown_Wedding_Wall_NH_Screenshot.jpg,1280,720,227640,12468,RoomSpWallChurch,1,12466,267,61,Cyrus,npc,活動/NPC,イベント/住民,Event / Special NPC,Beige,Brown,米 / 棕,ベージュ / ブラウン,Beige / Brown,1.2.0,1,Yes,Cloth Walls,2,1,130,1,1,130,61,224
Item:Green wedding wall (New Horizons),Green wedding wall,綠色婚禮牆,綠色婚禮牆,绿色婚礼墙,ウェディングなかべ・グリーン,True,File:Green Wedding Wall NH Screenshot.jpg,綠色婚禮牆_Green_wedding_wall.jpg,images/wallpapers/綠色婚禮牆_Green_wedding_wall.webp,https://dodo.ac/np/images/1/19/Green_Wedding_Wall_NH_Screenshot.jpg,1280,720,238376,12469,RoomSpWallChurch,2,12466,268,133,Cyrus,npc,活動/NPC,イベント/住民,Event / Special NPC,Green,Aqua,綠 / 水藍,グリーン / アクア,Green / Aqua,1.2.0,1,Yes,Cloth Walls,7,1,130,1,1,130,61,225
Item:Circuit-board wall (New Horizons),Circuit-board wall,主機板牆,主機板牆,主机板墙,きばんのかべ,True,File:Circuit-Board Wall NH Screenshot.jpg,主機板牆_Circuit-board_wall.jpg,images/wallpapers/主機板牆_Circuit-board_wall.webp,https://dodo.ac/np/images/3/39/Circuit-Board_Wall_NH_Screenshot.jpg,1280,720,267035,4821,RoomTexWallGeek,0,4821,31,79,Saharah; Saharah's Co-op,saharah,駱嵐,ローラン,Saharah,Green,Green,綠,グリーン,Green,1.0.0,1,No,Neta Walls,7,1,130,1,1,130,79,226
Item:Construction-site wall (New Horizons),Construction-site wall,施工現場牆,施工現場牆,施工现场墙,こうじげんばのかべ,True,File:Construction-Site Wall NH Screenshot.jpg,施工現場牆_Construction-site_wall.jpg,images/wallpapers/施工現場牆_Construction-site_wall.webp,https://dodo.ac/np/images/9/9d/Construction-Site_Wall_NH_Screenshot.jpg,1280,720,156630,4843,RoomTexWallBlueSheet,0,4843,57,91,Saharah; Saharah's Co-op,saharah,駱嵐,ローラン,Saharah,Blue,Blue,藍,ブルー,Blue,1.0.0,1,No,Neta Walls,8,1,130,1,1,130,91,227
Item:White-chocolate wall (New Horizons),White-chocolate wall,白巧克力牆,白巧克力牆,白巧克力墙,ホワイトチョコなかべ,True,File:White-Chocolate Wall NH Screenshot.jpg,白巧克力牆_White-chocolate_wall.jpg,images/wallpapers/白巧克力牆_White-chocolate_wall.webp,https://dodo.ac/np/images/c/cf/White-Chocolate_Wall_NH_Screenshot.jpg,1280,720,176974,4933,RoomTexWallChocolate,1,4932,163,297,Saharah; Saharah's Co-op,saharah,駱嵐,ローラン,Saharah,White,Beige,白 / 米,ホワイト / ベージュ,White / Beige,1.0.0,1,No,Chocolate,1,1,130,1,1,130,99,228
Item:Dark-chocolate wall (New Horizons),Dark-chocolate wall,黑巧克力牆,黑巧克力牆,黑巧克力墙,ビターチョコなかべ,True,File:Dark-Chocolate Wall NH Screenshot.jpg,黑巧克力牆_Dark-chocolate_wall.jpg,images/wallpapers/黑巧克力牆_Dark-chocolate_wall.webp,https://dodo.ac/np/images/7/73/Dark-Chocolate_Wall_NH_Screenshot.jpg,1280,720,172357,4932,RoomTexWallChocolate,0,4932,162,99,Saharah; Saharah's Co-op,saharah,駱嵐,ローラン,Saharah,Brown,Brown,棕,ブラウン,Brown,1.0.0,1,No,Chocolate,2,1,130,1,1,130,99,229
Item:Strawberry-chocolate wall (New Horizons),Strawberry-chocolate wall,草莓巧克力牆,草莓巧克力牆,草莓巧克力墙,いちごチョコなかべ,True,File:Strawberry-Chocolate Wall NH Screenshot.jpg,草莓巧克力牆_Strawberry-chocolate_wall.jpg,images/wallpapers/草莓巧克力牆_Strawberry-chocolate_wall.webp,https://dodo.ac/np/images/b/b9/Strawberry-Chocolate_Wall_NH_Screenshot.jpg,1280,720,197977,4934,RoomTexWallChocolate,2,4932,164,272,Saharah; Saharah's Co-op,saharah,駱嵐,ローラン,Saharah,Pink,Pink,粉紅,ピンク,Pink,1.0.0,1,No,Chocolate,2,1,130,1,1,130,99,230
Item:Dig-site wall (New Horizons),Dig-site wall,地層壁紙,地層壁紙,地层壁纸,ちそうのかべがみ,True,File:Dig-Site Wall NH Screenshot.jpg,地層壁紙_Dig-site_wall.jpg,images/wallpapers/地層壁紙_Dig-site_wall.webp,https://dodo.ac/np/images/a/a7/Dig-Site_Wall_NH_Screenshot.jpg,1280,720,199520,5222,RoomTexWallStratum,0,5222,181,101,Saharah; Saharah's Co-op,saharah,駱嵐,ローラン,Saharah,Brown,Beige,棕 / 米,ブラウン / ベージュ,Brown / Beige,1.0.0,1,No,Stone Walls,2,1,130,1,1,130,101,231
Item:Dojo wall (New Horizons),Dojo wall,練功房牆,練功房牆,练功房墙,けいこべやのかべ,True,File:Dojo Wall NH Screenshot.jpg,練功房牆_Dojo_wall.jpg,images/wallpapers/練功房牆_Dojo_wall.webp,https://dodo.ac/np/images/4/42/Dojo_Wall_NH_Screenshot.jpg,1280,720,165404,5227,RoomTexWallBaseboards,0,5227,186,103,Saharah; Saharah's Co-op,saharah,駱嵐,ローラン,Saharah,Yellow,Beige,黃 / 米,イエロー / ベージュ,Yellow / Beige,1.0.0,1,No,Wood Walls,2,1,130,1,1,130,103,232
Item:Dungeon wall (New Horizons),Dungeon wall,地牢牆,地牢牆,地牢墙,ちかろうのかべ,True,File:Dungeon Wall NH Screenshot.jpg,地牢牆_Dungeon_wall.jpg,images/wallpapers/地牢牆_Dungeon_wall.webp,https://dodo.ac/np/images/a/a9/Dungeon_Wall_NH_Screenshot.jpg,1280,720,169600,5509,RoomSpWallJail,0,5509,223,104,Saharah; Saharah's Co-op,saharah,駱嵐,ローラン,Saharah,Black,Gray,黑 / 灰,ブラック / グレー,Black / Gray,1.0.0,1,Yes,Special Inorganic Walls,3,1,130,1,1,130,104,233
Item:Exquisite wall (New Horizons),Exquisite wall,中華風牆,中華風牆,中华风墙,チャイナなかべ,True,File:Exquisite Wall NH Screenshot.jpg,中華風牆_Exquisite_wall.jpg,images/wallpapers/中華風牆_Exquisite_wall.webp,https://dodo.ac/np/images/0/0c/Exquisite_Wall_NH_Screenshot.jpg,1280,720,190793,4866,RoomTexWallChina,0,4866,82,106,Saharah; Saharah's Co-op,saharah,駱嵐,ローラン,Saharah,Brown,White,棕 / 白,ブラウン / ホワイト,Brown / White,1.0.0,1,No,Asia,1,1,130,1,1,130,106,234
Item:Future-tech wall (New Horizons),Future-tech wall,超科技牆,超科技牆,超科技墙,オーバーテクノロジーなかべ,True,File:Future-Tech Wall NH Screenshot.jpg,超科技牆_Future-tech_wall.jpg,images/wallpapers/超科技牆_Future-tech_wall.webp,https://dodo.ac/np/images/1/12/Future-Tech_Wall_NH_Screenshot.jpg,1280,720,167832,5494,RoomSpWallTechnology,0,5494,208,111,Saharah; Saharah's Co-op,saharah,駱嵐,ローラン,Saharah,Black,Black,黑,ブラック,Black,1.0.0,1,Yes,Special Inorganic Walls,4,1,130,1,1,130,111,235
Item:Garbage-heap wall (New Horizons),Garbage-heap wall,垃圾堆牆,垃圾堆牆,垃圾堆墙,ゴミのやまなかべ,True,File:Garbage-Heap Wall NH Screenshot.jpg,垃圾堆牆_Garbage-heap_wall.jpg,images/wallpapers/垃圾堆牆_Garbage-heap_wall.webp,https://dodo.ac/np/images/f/f2/Garbage-Heap_Wall_NH_Screenshot.jpg,1280,720,170971,5229,RoomTexWallGarbage,0,5229,188,112,Crafting,diy,DIY製作,DIYレシピ,Crafting,Aqua,Gray,水藍 / 灰,アクア / グレー,Aqua / Gray,1.0.0,1,No,Neta Walls,3,1,130,1,1,130,112,236
Item:Heavy-curtain wall (New Horizons),Heavy-curtain wall,舞臺布幕牆,舞台布幕牆,舞台布幕墙,どんちょうのかべ,True,File:Heavy-Curtain Wall NH Screenshot.jpg,舞臺布幕牆_Heavy-curtain_wall.jpg,images/wallpapers/舞臺布幕牆_Heavy-curtain_wall.webp,https://dodo.ac/np/images/b/bf/Heavy-Curtain_Wall_NH_Screenshot.jpg,1280,720,157559,4878,RoomTexWallThickCurtain,0,4878,98,139,Saharah; Saharah's Co-op,saharah,駱嵐,ローラン,Saharah,Red,Black,紅 / 黑,レッド / ブラック,Red / Black,1.0.0,1,No,Cloth Walls,4,1,130,1,1,130,139,237
Item:Iceberg wall (New Horizons),Iceberg wall,冰山牆,冰山牆,冰山墙,ひょうざんのかべ,True,File:Iceberg Wall NH Screenshot.jpg,冰山牆_Iceberg_wall.jpg,images/wallpapers/冰山牆_Iceberg_wall.webp,https://dodo.ac/np/images/f/fe/Iceberg_Wall_NH_Screenshot.jpg,1280,720,206871,5662,RoomTexWallIceFloe,0,5662,237,145,Crafting,diy,DIY製作,DIYレシピ,Crafting,Aqua,White,水藍 / 白,アクア / ホワイト,Aqua / White,1.0.0,1,No,Neta Walls,1,1,130,1,1,130,145,238
Item:Imperial wall (New Horizons),Imperial wall,宮牆,宮牆,宫墙,おうちょうのかべ,True,File:Imperial Wall NH Screenshot.jpg,宮牆_Imperial_wall.jpg,images/wallpapers/宮牆_Imperial_wall.webp,https://dodo.ac/np/images/9/9e/Imperial_Wall_NH_Screenshot.jpg,1280,720,239134,5224,RoomTexWallDynasty,0,5224,183,146,Saharah; Saharah's Co-op,saharah,駱嵐,ローラン,Saharah,Red,Red,紅,レッド,Red,1.0.0,1,No,Asia,6,1,130,1,1,130,146,239
Item:Industrial wall (New Horizons),Industrial wall,工廠牆,工廠牆,工厂墙,ファクトリーなかべ,True,File:Industrial Wall NH Screenshot.jpg,工廠牆_Industrial_wall.jpg,images/wallpapers/工廠牆_Industrial_wall.webp,https://dodo.ac/np/images/b/b1/Industrial_Wall_NH_Screenshot.jpg,1280,720,169213,4876,RoomTexWallFactory,0,4876,96,147,Saharah; Saharah's Co-op,saharah,駱嵐,ローラン,Saharah,Black,Black,黑,ブラック,Black,1.0.0,1,No,Iron Walls,4,1,130,1,1,130,147,240
Item:Kisses wall (New Horizons),Kisses wall,唇印壁紙,唇印壁紙,唇印壁纸,キッスのかべがみ,True,File:Kisses Wall NH Screenshot.jpg,唇印壁紙_Kisses_wall.jpg,images/wallpapers/唇印壁紙_Kisses_wall.webp,https://dodo.ac/np/images/e/ea/Kisses_Wall_NH_Screenshot.jpg,1280,720,185464,4881,RoomTexWallKiss,0,4881,101,153,Saharah; Saharah's Co-op,saharah,駱嵐,ローラン,Saharah,Pink,White,粉紅 / 白,ピンク / ホワイト,Pink / White,1.0.0,1,No,Cloth Walls,1,1,130,1,1,130,153,241
Item:Laboratory wall (New Horizons),Laboratory wall,實驗室牆,實驗室牆,实验室墙,ラボのかべ,True,File:Laboratory Wall NH Screenshot.jpg,實驗室牆_Laboratory_wall.jpg,images/wallpapers/實驗室牆_Laboratory_wall.webp,https://dodo.ac/np/images/a/ad/Laboratory_Wall_NH_Screenshot.jpg,1280,720,156488,5495,RoomSpWallLabo,0,5495,209,155,Saharah; Saharah's Co-op,saharah,駱嵐,ローラン,Saharah,Black,Black,黑,ブラック,Black,1.0.0,1,Yes,Special Inorganic Walls,4,1,130,1,1,130,155,242
Item:Modern shoji-screen wall (New Horizons),Modern shoji-screen wall,摩登日式紙拉門,摩登日式紙拉門,摩登日式纸拉门,モダンなしょうじ,True,File:Modern Shoji-Screen Wall NH Screenshot.jpg,摩登日式紙拉門_Modern_shoji-screen_wall.jpg,images/wallpapers/摩登日式紙拉門_Modern_shoji-screen_wall.webp,https://dodo.ac/np/images/e/e0/Modern_Shoji-Screen_Wall_NH_Screenshot.jpg,1280,720,205706,4864,RoomSpWallShojiModem,0,4864,80,167,Nook's Cranny,shop,商店購買,タヌキ商店,Nook's Cranny,Brown,White,棕 / 白,ブラウン / ホワイト,Brown / White,1.0.0,1,Yes,Japanese Style,1,1,130,1,1,130,167,243
Item:Mortar wall (New Horizons),Mortar wall,灰泥矮牆,灰泥矮牆,灰泥矮墙,しっくいのへい,True,File:Mortar Wall NH Screenshot.jpg,灰泥矮牆_Mortar_wall.jpg,images/wallpapers/灰泥矮牆_Mortar_wall.webp,https://dodo.ac/np/images/f/f0/Mortar_Wall_NH_Screenshot.jpg,1280,720,135417,5215,RoomTexWallPlaster,0,5215,175,172,Saharah; Saharah's Co-op,saharah,駱嵐,ローラン,Saharah,Gray,Gray,灰,グレー,Gray,1.0.0,1,No,Stone Walls,3,1,130,1,1,130,172,244
Item:Paintball wall (New Horizons),Paintball wall,畫室牆,畫室牆,画室墙,アトリエのかべ,True,File:Paintball Wall NH Screenshot.jpg,畫室牆_Paintball_wall.jpg,images/wallpapers/畫室牆_Paintball_wall.webp,https://dodo.ac/np/images/0/02/Paintball_Wall_NH_Screenshot.jpg,1280,720,179479,4854,RoomTexWallAtelier,0,4854,70,191,Saharah; Saharah's Co-op,saharah,駱嵐,ローラン,Saharah,White,Colorful,白 / 彩色,ホワイト / カラフル,White / Colorful,1.0.0,1,No,Stone Walls,1,1,130,1,1,130,191,245
Item:Palace wall (New Horizons),Palace wall,宮殿牆,宮殿牆,宫殿墙,きゅうでんのかべ,True,File:Palace Wall NH Screenshot.jpg,宮殿牆_Palace_wall.jpg,images/wallpapers/宮殿牆_Palace_wall.webp,https://dodo.ac/np/images/3/31/Palace_Wall_NH_Screenshot.jpg,1280,720,168484,5502,RoomSpWallPalace,0,5502,216,192,Saharah; Saharah's Co-op,saharah,駱嵐,ローラン,Saharah,Beige,White,米 / 白,ベージュ / ホワイト,Beige / White,1.0.0,1,Yes,Special Inorganic Walls,1,1,130,1,1,130,192,246
Item:Ramshackle wall (New Horizons),Ramshackle wall,廢墟牆,廢墟牆,废墟墙,はいきょのかべ,True,File:Ramshackle Wall NH Screenshot.jpg,廢墟牆_Ramshackle_wall.jpg,images/wallpapers/廢墟牆_Ramshackle_wall.webp,https://dodo.ac/np/images/0/0d/Ramshackle_Wall_NH_Screenshot.jpg,1280,720,210531,5225,RoomTexWallRuins,0,5225,184,224,Saharah; Saharah's Co-op,saharah,駱嵐,ローラン,Saharah,Brown,Beige,棕 / 米,ブラウン / ベージュ,Brown / Beige,1.0.0,1,No,Stone Walls,2,1,130,1,1,130,224,247
Item:Rock-climbing wall (New Horizons),Rock-climbing wall,抱石牆,抱石牆,抱石墙,ボルダリングのかべ,True,File:Rock-Climbing Wall NH Screenshot.jpg,抱石牆_Rock-climbing_wall.jpg,images/wallpapers/抱石牆_Rock-climbing_wall.webp,https://dodo.ac/np/images/a/a1/Rock-Climbing_Wall_NH_Screenshot.jpg,1280,720,204905,4851,RoomTexWallBouldering,0,4851,67,239,Saharah; Saharah's Co-op,saharah,駱嵐,ローラン,Saharah,White,Colorful,白 / 彩色,ホワイト / カラフル,White / Colorful,1.0.0,1,No,Neta Walls,1,1,130,1,1,130,239,248
Item:Sci-fi wall (New Horizons),Sci-fi wall,太空船牆,太空船牆,太空船墙,うちゅうせんのかべ,True,File:Sci-Fi Wall NH Screenshot.jpg,太空船牆_Sci-fi_wall.jpg,images/wallpapers/太空船牆_Sci-fi_wall.webp,https://dodo.ac/np/images/2/20/Sci-Fi_Wall_NH_Screenshot.jpg,1280,720,193103,5510,RoomSpWallSF,0,5510,224,246,Crafting,diy,DIY製作,DIYレシピ,Crafting,Black,Black,黑,ブラック,Black,1.0.0,1,Yes,Special Inorganic Walls,4,1,130,1,1,130,246,249
Item:Security-monitors wall (New Horizons),Security-monitors wall,監控室牆,監控室牆,监控室墙,モニタールームのかべ,True,File:Security-Monitors Wall NH Screenshot.jpg,監控室牆_Security-monitors_wall.jpg,images/wallpapers/監控室牆_Security-monitors_wall.webp,https://dodo.ac/np/images/c/c6/Security-Monitors_Wall_NH_Screenshot.jpg,1280,720,226782,5491,RoomSpWallMonitor,0,5491,206,249,Saharah; Saharah's Co-op,saharah,駱嵐,ローラン,Saharah,Black,Gray,黑 / 灰,ブラック / グレー,Black / Gray,1.0.0,1,Yes,Special Inorganic Walls,3,1,130,1,1,130,249,250
Item:Server-room wall (New Horizons),Server-room wall,機房牆,機房牆,机房墙,サーバールームのかべ,True,File:Server-Room Wall NH Screenshot.jpg,機房牆_Server-room_wall.jpg,images/wallpapers/機房牆_Server-room_wall.webp,https://dodo.ac/np/images/7/7c/Server-Room_Wall_NH_Screenshot.jpg,1280,720,175096,5490,RoomSpWallServer,0,5490,205,251,Saharah; Saharah's Co-op,saharah,駱嵐,ローラン,Saharah,Black,Black,黑,ブラック,Black,1.0.0,1,Yes,Special Inorganic Walls,4,1,130,1,1,130,251,251
Item:Shoji screen (New Horizons),Shoji screen,日式紙拉門,日式紙拉門,日式纸拉门,しょうじ,True,File:Shoji Screen NH Screenshot.jpg,日式紙拉門_Shoji_screen.jpg,images/wallpapers/日式紙拉門_Shoji_screen.webp,https://dodo.ac/np/images/e/e3/Shoji_Screen_NH_Screenshot.jpg,1280,720,207721,4863,RoomSpWallShoji,0,4863,79,252,Nook's Cranny,shop,商店購買,タヌキ商店,Nook's Cranny,Beige,White,米 / 白,ベージュ / ホワイト,Beige / White,1.0.0,1,Yes,Japanese Style,1,1,130,1,1,130,252,252
Item:Shutter wall (New Horizons),Shutter wall,鐵捲門牆,鐵捲門牆,铁卷门墙,シャッターのかべ,True,File:Shutter Wall NH Screenshot.jpg,鐵捲門牆_Shutter_wall.jpg,images/wallpapers/鐵捲門牆_Shutter_wall.webp,https://dodo.ac/np/images/7/7f/Shutter_Wall_NH_Screenshot.jpg,1280,720,222474,4825,RoomTexWallShutter,0,4825,32,253,Saharah; Saharah's Co-op,saharah,駱嵐,ローラン,Saharah,White,Gray,白 / 灰,ホワイト / グレー,White / Gray,1.0.0,1,No,Iron Walls,1,1,130,1,1,130,253,253
Item:Skull wall (New Horizons),Skull wall,骷髏壁紙,骷髏壁紙,骷髅壁纸,スカルなかべがみ,True,File:Skull Wall NH Screenshot.jpg,骷髏壁紙_Skull_wall.jpg,images/wallpapers/骷髏壁紙_Skull_wall.webp,https://dodo.ac/np/images/7/71/Skull_Wall_NH_Screenshot.jpg,1280,720,156739,5520,RoomSpWallSkull,0,5520,229,255,Nook's Cranny,shop,商店購買,タヌキ商店,Nook's Cranny,Black,Black,黑,ブラック,Black,1.0.0,1,Yes,Special Inorganic Walls,4,1,130,1,1,130,255,254
Item:Skyscraper wall (New Horizons),Skyscraper wall,摩天大樓牆,摩天大樓牆,摩天大楼墙,まてんろうのかべ,True,File:Skyscraper Wall NH Screenshot.jpg,摩天大樓牆_Skyscraper_wall.jpg,images/wallpapers/摩天大樓牆_Skyscraper_wall.webp,https://dodo.ac/np/images/1/14/Skyscraper_Wall_NH_Screenshot.jpg,1280,720,228749,4852,RoomTexWallSkyscraper,0,4852,68,257,Saharah; Saharah's Co-op,saharah,駱嵐,ローラン,Saharah,Black,Gray,黑 / 灰,ブラック / グレー,Black / Gray,1.0.0,1,No,Neta Walls,3,1,130,1,1,130,257,255
Item:Straw wall (New Horizons),Straw wall,麥稈牆,麥稈牆,麦秆墙,ストローなかべ,True,File:Straw Wall NH Screenshot.jpg,麥稈牆_Straw_wall.jpg,images/wallpapers/麥稈牆_Straw_wall.webp,https://dodo.ac/np/images/2/2b/Straw_Wall_NH_Screenshot.jpg,1280,720,255949,5217,RoomTexWallStraw,0,5217,177,271,Saharah; Saharah's Co-op,saharah,駱嵐,ローラン,Saharah,Beige,Beige,米,ベージュ,Beige,1.0.0,1,No,Wood Walls,2,1,130,1,1,130,271,256
Item:Street-art wall (New Horizons),Street-art wall,街頭藝術牆,街頭藝術牆,街头艺术墙,ストリートアートのかべ,True,File:Street-Art Wall NH Screenshot.jpg,街頭藝術牆_Street-art_wall.jpg,images/wallpapers/街頭藝術牆_Street-art_wall.webp,https://dodo.ac/np/images/3/39/Street-Art_Wall_NH_Screenshot.jpg,1280,720,313737,5221,RoomTexWallStreetArt,0,5221,180,273,Saharah; Saharah's Co-op,saharah,駱嵐,ローラン,Saharah,Colorful,Colorful,彩色,カラフル,Colorful,1.0.0,1,No,Neta Walls,10,1,130,1,1,130,273,257
Item:Cinnamoroll wall (New Horizons),Cinnamoroll wall,Cinnamoroll牆,Cinnamoroll牆,Cinnamoroll墙,シナモロールなかべ,True,File:Cinnamoroll Wall NH Screenshot.jpg,Cinnamoroll牆_Cinnamoroll_wall.jpg,images/wallpapers/Cinnamoroll牆_Cinnamoroll_wall.webp,https://dodo.ac/np/images/c/c7/Cinnamoroll_Wall_NH_Screenshot.jpg,1280,720,152132,10172,RoomTexWallCinnamon,0,10172,258,78,Nook Shopping Promotion,promo,聯名合作,コラボ商品,Promotion / Collab,White,Colorful,白 / 彩色,ホワイト / カラフル,White / Colorful,1.9.0,1,No,Sanrio Walls,1,1,140,1,1,140,78,258
Item:Hello Kitty wall (New Horizons),Hello Kitty wall,Hello Kitty牆,Hello Kitty牆,Hello Kitty墙,ハローキティなかべ,True,File:Hello Kitty Wall NH Screenshot.jpg,Hello_Kitty牆_Hello_Kitty_wall.jpg,images/wallpapers/Hello_Kitty牆_Hello_Kitty_wall.webp,https://dodo.ac/np/images/f/fb/Hello_Kitty_Wall_NH_Screenshot.jpg,1280,720,188700,10171,RoomTexWallKitty,0,10171,257,140,Nook Shopping Promotion,promo,聯名合作,コラボ商品,Promotion / Collab,Red,Blue,紅 / 藍,レッド / ブルー,Red / Blue,1.9.0,1,No,Sanrio Walls,6,1,140,1,1,140,140,259
Item:Kerokerokeroppi wall (New Horizons),Kerokerokeroppi wall,Kerokerokeroppi牆,Kerokerokeroppi牆,Kerokerokeroppi墙,けろけろけろっぴなかべ,True,File:Kerokerokeroppi Wall NH Screenshot.jpg,Kerokerokeroppi牆_Kerokerokeroppi_wall.jpg,images/wallpapers/Kerokerokeroppi牆_Kerokerokeroppi_wall.webp,https://dodo.ac/np/images/4/45/Kerokerokeroppi_Wall_NH_Screenshot.jpg,1280,720,182807,10175,RoomTexWallKeroppi,0,10175,261,151,Nook Shopping Promotion,promo,聯名合作,コラボ商品,Promotion / Collab,Green,Green,綠,グリーン,Green,1.9.0,1,No,Sanrio Walls,7,1,140,1,1,140,151,260
Item:Kiki & Lala wall (New Horizons),Kiki & Lala wall,Kiki & Lala牆,Kiki & Lala牆,Kiki & Lala墙,キキ&ララなかべ,True,File:Kiki & Lala Wall NH Screenshot.jpg,Kiki_&_Lala牆_Kiki_&_Lala_wall.jpg,images/wallpapers/Kiki_&_Lala牆_Kiki_&_Lala_wall.webp,https://dodo.ac/np/images/4/47/Kiki_%26_Lala_Wall_NH_Screenshot.jpg,1280,720,191303,10176,RoomTexWallKikilala,0,10176,262,152,Nook Shopping Promotion,promo,聯名合作,コラボ商品,Promotion / Collab,Pink,Colorful,粉紅 / 彩色,ピンク / カラフル,Pink / Colorful,1.9.0,1,No,Sanrio Walls,6,1,140,1,1,140,152,261
Item:Mushroom mural (New Horizons),Mushroom mural,超級瑪利歐牆,超級瑪利歐牆,超级马力欧墙,スーパーマリオのかべ,True,File:Mushroom Mural NH Screenshot.jpg,超級瑪利歐牆_Mushroom_mural.jpg,images/wallpapers/超級瑪利歐牆_Mushroom_mural.webp,https://dodo.ac/np/images/4/40/Mushroom_Mural_NH_Screenshot.jpg,1280,720,194595,13805,RoomSpWallMario,0,13805,306,177,Nintendo; Nook Shopping Promotion,promo,聯名合作,コラボ商品,Promotion / Collab,Aqua,Colorful,水藍 / 彩色,アクア / カラフル,Aqua / Colorful,1.8.0,1,Yes,Mario Walls,8,1,140,1,1,140,177,262
Item:My Melody wall (New Horizons),My Melody wall,My Melody牆,My Melody牆,My Melody墙,マイメロディなかべ,True,File:My Melody Wall NH Screenshot.jpg,My_Melody牆_My_Melody_wall.jpg,images/wallpapers/My_Melody牆_My_Melody_wall.webp,https://dodo.ac/np/images/2/2f/My_Melody_Wall_NH_Screenshot.jpg,1280,720,171670,10173,RoomTexWallMymelody,0,10173,259,178,Nook Shopping Promotion,promo,聯名合作,コラボ商品,Promotion / Collab,Pink,Red,粉紅 / 紅,ピンク / レッド,Pink / Red,1.9.0,1,No,Sanrio Walls,6,1,140,1,1,140,178,263
Item:Pompompurin wall (New Horizons),Pompompurin wall,Pompompurin牆,Pompompurin牆,Pompompurin墙,ポムポムプリンなかべ,True,File:Pompompurin Wall NH Screenshot.jpg,Pompompurin牆_Pompompurin_wall.jpg,images/wallpapers/Pompompurin牆_Pompompurin_wall.webp,https://dodo.ac/np/images/d/d5/Pompompurin_Wall_NH_Screenshot.jpg,1280,720,148805,10174,RoomTexWallPurin,0,10174,260,215,Nook Shopping Promotion,promo,聯名合作,コラボ商品,Promotion / Collab,Yellow,Brown,黃 / 棕,イエロー / ブラウン,Yellow / Brown,1.9.0,1,No,Sanrio Walls,2,1,140,1,1,140,215,264
Item:Brick garden wall (New Horizons),Brick garden wall,磚塊庭園牆,砖块庭院墙,磚塊庭園牆,レンガのにわかべ,False,File:Brick_Garden_Wall_NH_Icon.png,磚塊庭園牆_Brick_garden_wall.png,images/wallpapers/磚塊庭園牆_Brick_garden_wall.webp,https://dodo.ac/np/images/3/32/Brick_Garden_Wall_NH_Icon.png,128,128,22413,12855,RoomSpWallSchoolyard,0,12855,277,55,Saharah's Co-op,saharah,駱嵐,ローラン,Saharah,Brown,Aqua,棕 / 水藍,ブラウン / アクア,Brown / Aqua,2.0.0,2,Yes,Nature Walls,2,1,110,1,2,110,55,265
Item:Glowing-moss cave wall (New Horizons),Glowing-moss cave wall,光蘚洞穴牆,光藓洞穴墙,光蘚洞穴牆,ヒカリゴケのどうくつのかべ,False,File:Glowing-Moss_Cave_Wall_NH_Icon.png,光蘚洞穴牆_Glowing-moss_cave_wall.png,images/wallpapers/光蘚洞穴牆_Glowing-moss_cave_wall.webp,https://dodo.ac/np/images/0/0e/Glowing-Moss_Cave_Wall_NH_Icon.png,128,128,21748,13881,RoomSpWallGlowCave,0,13881,309,113,Crafting,diy,DIY製作,DIYレシピ,Crafting,Green,Black,綠 / 黑,グリーン / ブラック,Green / Black,2.0.0,2,Yes,Nature Walls,4,1,110,1,2,110,113,266
Item:Glowing-moss forest wall (New Horizons),Glowing-moss forest wall,光蘚森林牆,光藓森林墙,光蘚森林牆,ヒカリゴケのもりのかべ,False,File:Glowing-Moss_Forest_Wall_NH_Icon.png,光蘚森林牆_Glowing-moss_forest_wall.png,images/wallpapers/光蘚森林牆_Glowing-moss_forest_wall.webp,https://dodo.ac/np/images/9/91/Glowing-Moss_Forest_Wall_NH_Icon.png,128,128,21793,13019,RoomSpWallGlowMoss,0,13019,288,114,Crafting,diy,DIY製作,DIYレシピ,Crafting,Green,Green,綠,グリーン,Green,2.0.0,2,Yes,Nature Walls,7,1,110,1,2,110,114,267
Item:Glowing-moss ruins wall (New Horizons),Glowing-moss ruins wall,光蘚遺跡牆,光藓遗迹墙,光蘚遺跡牆,ヒカリゴケのいせきのかべ,False,File:Glowing-Moss_Ruins_Wall_NH_Icon.png,光蘚遺跡牆_Glowing-moss_ruins_wall.png,images/wallpapers/光蘚遺跡牆_Glowing-moss_ruins_wall.webp,https://dodo.ac/np/images/4/40/Glowing-Moss_Ruins_Wall_NH_Icon.png,128,128,19624,13874,RoomSpWallGlowRemains,0,13874,307,115,Crafting,diy,DIY製作,DIYレシピ,Crafting,Gray,Green,灰 / 綠,グレー / グリーン,Gray / Green,2.0.0,2,Yes,Nature Walls,3,1,110,1,2,110,115,268
Item:Graveyard wall (New Horizons),Graveyard wall,墓地牆,墓地墙,墓地牆,はかばのかべ,False,File:Graveyard_Wall_NH_Icon.png,墓地牆_Graveyard_wall.png,images/wallpapers/墓地牆_Graveyard_wall.webp,https://dodo.ac/np/images/d/d2/Graveyard_Wall_NH_Icon.png,128,128,17904,5511,RoomSpWallCemetery,0,5511,225,118,Saharah's Co-op,saharah,駱嵐,ローラン,Saharah,Brown,Blue,棕 / 藍,ブラウン / ブルー,Brown / Blue,2.0.0,2,Yes,Special Cool Nature Walls,2,1,110,1,2,110,118,269
Item:Limestone-cave wall (New Horizons),Limestone-cave wall,鐘乳洞牆,钟乳洞墙,鐘乳洞牆,しょうにゅうどうのかべ,False,File:Limestone-Cave_Wall_NH_Icon.png,鐘乳洞牆_Limestone-cave_wall.png,images/wallpapers/鐘乳洞牆_Limestone-cave_wall.webp,https://dodo.ac/np/images/b/b2/Limestone-Cave_Wall_NH_Icon.png,128,128,18495,5507,RoomSpWallLimestone,0,5507,221,157,Saharah's Co-op,saharah,駱嵐,ローラン,Saharah,Beige,White,米 / 白,ベージュ / ホワイト,Beige / White,2.0.0,2,Yes,Special Warm Nature Walls,1,1,110,1,2,110,157,270
Item:Outdoor-window wall (New Horizons),Outdoor-window wall,附窗戶的外牆,附窗户的外墙,附窗戶的外牆,まどつきのそとかべ,False,File:Outdoor-Window_Wall_NH_Icon.png,附窗戶的外牆_Outdoor-window_wall.png,images/wallpapers/附窗戶的外牆_Outdoor-window_wall.webp,https://dodo.ac/np/images/9/93/Outdoor-Window_Wall_NH_Icon.png,128,128,20675,12910,RoomTexWallTeahouse,0,12910,283,190,Saharah's Co-op,saharah,駱嵐,ローラン,Saharah,Beige,Green,米 / 綠,ベージュ / グリーン,Beige / Green,2.0.0,2,No,Nature Walls,2,1,110,1,2,110,190,271
Item:Rope-net wall (New Horizons),Rope-net wall,繩網牆,绳网墙,繩網牆,ロープネットのかべ,False,File:Rope-Net_Wall_NH_Icon.png,繩網牆_Rope-net_wall.png,images/wallpapers/繩網牆_Rope-net_wall.webp,https://dodo.ac/np/images/9/9a/Rope-Net_Wall_NH_Icon.png,128,128,22599,13875,RoomSpWallRopenet,0,13875,308,241,Crafting,diy,DIY製作,DIYレシピ,Crafting,Brown,Beige,棕 / 米,ブラウン / ベージュ,Brown / Beige,2.0.0,2,Yes,Nature Walls,2,1,110,1,2,110,241,272
Item:Airplane wall (New Horizons),Airplane wall,飛機牆,飞机墙,飛機牆,ひこうきのかべ,False,File:Airplane_Wall_NH_Icon.png,飛機牆_Airplane_wall.png,images/wallpapers/飛機牆_Airplane_wall.webp,https://dodo.ac/np/images/f/f3/Airplane_Wall_NH_Icon.png,128,128,17091,5497,RoomSpWallAirplane,0,5497,211,2,Saharah's Co-op,saharah,駱嵐,ローラン,Saharah,White,White,白,ホワイト,White,2.0.0,2,Yes,Special Walls,1,1,120,1,2,120,2,273
Item:Apparel-shop wall (New Horizons),Apparel-shop wall,服裝店牆,服装店墙,服裝店牆,アパレルショップのかべ,False,File:Apparel-Shop_Wall_NH_Icon.png,服裝店牆_Apparel-shop_wall.png,images/wallpapers/服裝店牆_Apparel-shop_wall.webp,https://dodo.ac/np/images/6/63/Apparel-Shop_Wall_NH_Icon.png,128,128,21891,12911,RoomTexWallDisplay,0,12911,284,5,Saharah's Co-op,saharah,駱嵐,ローラン,Saharah,Colorful,White,彩色 / 白,カラフル / ホワイト,Colorful / White,2.0.0,2,No,WallFacility,1,1,120,1,2,120,5,274
Item:White European-style wall (New Horizons),White European-style wall,歐式白牆,欧式白墙,歐式白牆,ヨーロピアンスタイルのしろかべ,False,File:White_European-Style_Wall_NH_Icon.png,歐式白牆_White_European-style_wall.png,images/wallpapers/歐式白牆_White_European-style_wall.webp,https://dodo.ac/np/images/9/9b/White_European-Style_Wall_NH_Icon.png,128,128,17856,12906,RoomSpWallFrench,0,12906,278,287,Saharah's Co-op,saharah,駱嵐,ローラン,Saharah,White,Aqua,白 / 水藍,ホワイト / アクア,White / Aqua,2.0.0,2,Yes,Special Walls,1,1,120,1,2,120,23,275
Item:Black European-style wall (New Horizons),Black European-style wall,歐式黑牆,欧式黑墙,歐式黑牆,ヨーロピアンスタイルのくろかべ,False,File:Black_European-Style_Wall_NH_Icon.png,歐式黑牆_Black_European-style_wall.png,images/wallpapers/歐式黑牆_Black_European-style_wall.webp,https://dodo.ac/np/images/1/11/Black_European-Style_Wall_NH_Icon.png,128,128,17841,13866,RoomSpWallFrench,1,12906,279,23,Saharah's Co-op,saharah,駱嵐,ローラン,Saharah,Black,Aqua,黑 / 水藍,ブラック / アクア,Black / Aqua,2.0.0,2,Yes,Special Walls,4,1,120,1,2,120,23,276
Item:White window-panel wall (New Horizons),White window-panel wall,白色窗臺牆,白色窗台墙,白色窗台牆,しろいまどべのかべ,False,File:White_Window-Panel_Wall_NH_Icon.png,白色窗臺牆_White_window-panel_wall.png,images/wallpapers/白色窗臺牆_White_window-panel_wall.webp,https://dodo.ac/np/images/7/72/White_Window-Panel_Wall_NH_Icon.png,128,128,16951,13332,RoomSpWallWindow,0,13332,295,295,Nook's Cranny,shop,商店購買,タヌキ商店,Nook's Cranny,White,Aqua,白 / 水藍,ホワイト / アクア,White / Aqua,2.0.0,2,Yes,Special Walls,1,1,120,1,2,120,27,277
Item:Black window-panel wall (New Horizons),Black window-panel wall,黑色窗臺牆,黑色窗台墙,黑色窗台牆,くろいまどべのかべ,False,File:Black_Window-Panel_Wall_NH_Icon.png,黑色窗臺牆_Black_window-panel_wall.png,images/wallpapers/黑色窗臺牆_Black_window-panel_wall.webp,https://dodo.ac/np/images/a/a1/Black_Window-Panel_Wall_NH_Icon.png,128,128,18007,13438,RoomSpWallWindow,1,13332,296,27,Nook's Cranny,shop,商店購買,タヌキ商店,Nook's Cranny,Black,Aqua,黑 / 水藍,ブラック / アクア,Black / Aqua,2.0.0,2,Yes,Special Walls,4,1,120,1,2,120,27,278
Item:Club wall (New Horizons),Club wall,俱樂部牆,俱乐部墙,俱樂部牆,クラブのかべ,False,File:Club_Wall_NH_Icon.png,俱樂部牆_Club_wall.png,images/wallpapers/俱樂部牆_Club_wall.webp,https://dodo.ac/np/images/3/3c/Club_Wall_NH_Icon.png,128,128,16905,13130,RoomSpWallClub,0,13130,290,83,Saharah's Co-op,saharah,駱嵐,ローラン,Saharah,Black,Black,黑,ブラック,Black,2.0.0,2,Yes,Special Walls,4,1,120,1,2,120,83,279
Item:Coffee-shop wall (New Horizons),Coffee-shop wall,咖啡廳牆,咖啡厅墙,咖啡廳牆,コーヒーショップのかべ,False,File:Coffee-Shop_Wall_NH_Icon.png,咖啡廳牆_Coffee-shop_wall.png,images/wallpapers/咖啡廳牆_Coffee-shop_wall.webp,https://dodo.ac/np/images/5/55/Coffee-Shop_Wall_NH_Icon.png,128,128,20012,12908,RoomTexWallCoffee,0,12908,281,84,Saharah's Co-op,saharah,駱嵐,ローラン,Saharah,Black,Beige,黑 / 米,ブラック / ベージュ,Black / Beige,2.0.0,2,No,WallFacility,2,1,120,1,2,120,84,280
Item:Concession-stand wall (New Horizons),Concession-stand wall,店鋪牆,店铺墙,店鋪牆,ばいてんのかべ,False,File:Concession-Stand_Wall_NH_Icon.png,店鋪牆_Concession-stand_wall.png,images/wallpapers/店鋪牆_Concession-stand_wall.webp,https://dodo.ac/np/images/e/ea/Concession-Stand_Wall_NH_Icon.png,128,128,20313,12913,RoomSpWallStand,0,12913,287,89,Saharah's Co-op,saharah,駱嵐,ローラン,Saharah,Colorful,Colorful,彩色,カラフル,Colorful,2.0.0,2,Yes,WallFacility,10,1,120,1,2,120,89,281
Item:Frozen-foods freezer wall (New Horizons),Frozen-foods freezer wall,冷凍展示櫃牆,冷冻展示柜墙,冷凍展示櫃牆,れいとうショーケースのかべ,False,File:Frozen-Foods_Freezer_Wall_NH_Icon.png,冷凍展示櫃牆_Frozen-foods_freezer_wall.png,images/wallpapers/冷凍展示櫃牆_Frozen-foods_freezer_wall.webp,https://dodo.ac/np/images/1/19/Frozen-Foods_Freezer_Wall_NH_Icon.png,128,128,22767,13358,RoomSpWallFrozenFood,0,13358,298,110,Saharah's Co-op,saharah,駱嵐,ローラン,Saharah,Colorful,White,彩色 / 白,カラフル / ホワイト,Colorful / White,2.0.0,2,Yes,WallFacility,1,1,120,1,2,120,110,282
Item:White-shelving wall (New Horizons),White-shelving wall,白色架子牆,白色架子墙,白色架子牆,しろいシェルフのかべ,False,File:White-Shelving_Wall_NH_Icon.png,白色架子牆_White-shelving_wall.png,images/wallpapers/白色架子牆_White-shelving_wall.webp,https://dodo.ac/np/images/f/f8/White-Shelving_Wall_NH_Icon.png,128,128,12172,12912,RoomTexWallShelf,0,12912,285,299,Saharah's Co-op,saharah,駱嵐,ローラン,Saharah,White,White,白,ホワイト,White,2.0.0,2,No,WallFacility,1,1,120,1,2,120,123,283
Item:Gray-shelving wall (New Horizons),Gray-shelving wall,灰色架子牆,灰色架子墙,灰色架子牆,グレーのシェルフのかべ,False,File:Gray-Shelving_Wall_NH_Icon.png,灰色架子牆_Gray-shelving_wall.png,images/wallpapers/灰色架子牆_Gray-shelving_wall.webp,https://dodo.ac/np/images/d/d5/Gray-Shelving_Wall_NH_Icon.png,128,128,18094,13442,RoomTexWallShelf,1,12912,286,123,Saharah's Co-op,saharah,駱嵐,ローラン,Saharah,Brown,Gray,棕 / 灰,ブラウン / グレー,Brown / Gray,2.0.0,2,No,WallFacility,3,1,120,1,2,120,123,284
Item:Hallway wall (New Horizons),Hallway wall,走廊牆,走廊墙,走廊牆,ろうかのかべ,False,File:Hallway_Wall_NH_Icon.png,走廊牆_Hallway_wall.png,images/wallpapers/走廊牆_Hallway_wall.webp,https://dodo.ac/np/images/5/5f/Hallway_Wall_NH_Icon.png,128,128,17965,12848,RoomTexWallBoard,0,12848,273,137,Saharah's Co-op,saharah,駱嵐,ローラン,Saharah,Aqua,White,水藍 / 白,アクア / ホワイト,Aqua / White,2.0.0,2,No,WallFacility,1,1,120,1,2,120,137,285
Item:Ice-cream-shoppe wall (New Horizons),Ice-cream-shoppe wall,冰淇淋店牆,冰淇淋店墙,冰淇淋店牆,アイスクリームショップのかべ,False,File:Ice-Cream-Shoppe_Wall_NH_Icon.png,冰淇淋店牆_Ice-cream-shoppe_wall.png,images/wallpapers/冰淇淋店牆_Ice-cream-shoppe_wall.webp,https://dodo.ac/np/images/8/81/Ice-Cream-Shoppe_Wall_NH_Icon.png,128,128,19980,12909,RoomTexWallIcecream,0,12909,282,144,Saharah's Co-op,saharah,駱嵐,ローラン,Saharah,Colorful,Pink,彩色 / 粉紅,カラフル / ピンク,Colorful / Pink,2.0.0,2,No,WallFacility,6,1,120,1,2,120,144,286
Item:Operating-room wall (New Horizons),Operating-room wall,手術室牆,手术室墙,手術室牆,しゅじゅつしつのかべ,False,File:Operating-Room_Wall_NH_Icon.png,手術室牆_Operating-room_wall.png,images/wallpapers/手術室牆_Operating-room_wall.webp,https://dodo.ac/np/images/9/99/Operating-Room_Wall_NH_Icon.png,128,128,10987,12851,RoomTexWallOperatingRoom,0,12851,276,184,Saharah's Co-op,saharah,駱嵐,ローラン,Saharah,Gray,Gray,灰,グレー,Gray,2.0.0,2,No,WallFacility,3,1,120,1,2,120,184,287
Item:Pharmacy-shelving wall (New Horizons),Pharmacy-shelving wall,藥品架牆,药品陈列柜墙,藥品架牆,やくひんだなのかべ,False,File:Pharmacy-Shelving_Wall_NH_Icon.png,藥品架牆_Pharmacy-shelving_wall.png,images/wallpapers/藥品架牆_Pharmacy-shelving_wall.webp,https://dodo.ac/np/images/d/d7/Pharmacy-Shelving_Wall_NH_Icon.png,128,128,18914,12724,RoomTexWallMedicineRoom,0,12724,272,202,Saharah's Co-op,saharah,駱嵐,ローラン,Saharah,White,Aqua,白 / 水藍,ホワイト / アクア,White / Aqua,2.0.0,2,No,WallFacility,1,1,120,1,2,120,202,288
Item:Supermarket wall (New Horizons),Supermarket wall,超市牆,超市墙,超市牆,スーパーマーケットのかべ,False,File:Supermarket_Wall_NH_Icon.png,超市牆_Supermarket_wall.png,images/wallpapers/超市牆_Supermarket_wall.webp,https://dodo.ac/np/images/b/b9/Supermarket_Wall_NH_Icon.png,128,128,23708,5220,RoomTexWallSupermarket,0,5220,179,275,Saharah's Co-op,saharah,駱嵐,ローラン,Saharah,Colorful,Colorful,彩色,カラフル,Colorful,2.0.0,2,No,WallFacility,10,1,120,1,2,120,275,289
Item:Train-window wall (New Horizons),Train-window wall,車窗牆,车窗墙,車窗牆,しゃそうのかべ,False,File:Train-Window_Wall_NH_Icon.png,車窗牆_Train-window_wall.png,images/wallpapers/車窗牆_Train-window_wall.webp,https://dodo.ac/np/images/e/e8/Train-Window_Wall_NH_Icon.png,128,128,17634,5496,RoomSpWallTrain,0,5496,210,277,Saharah's Co-op,saharah,駱嵐,ローラン,Saharah,Beige,Black,米 / 黑,ベージュ / ブラック,Beige / Black,2.0.0,2,Yes,Special Walls,2,1,120,1,2,120,277,290
Item:Antique brick wall (New Horizons),Antique brick wall,古董磚塊牆,古董砖块墙,古董磚塊牆,アンティークレンガのかべ,False,File:Antique_Brick_Wall_NH_Icon.png,古董磚塊牆_Antique_brick_wall.png,images/wallpapers/古董磚塊牆_Antique_brick_wall.webp,https://dodo.ac/np/images/4/41/Antique_Brick_Wall_NH_Icon.png,128,128,18548,13331,RoomTexWallAntique,0,13331,294,4,Saharah's Co-op,saharah,駱嵐,ローラン,Saharah,Brown,Black,棕 / 黑,ブラウン / ブラック,Brown / Black,2.0.0,2,No,Brick,2,1,130,1,2,130,4,291
Item:Bathhouse wall (New Horizons),Bathhouse wall,澡堂牆,澡堂墙,澡堂牆,せんとうのかべ,False,File:Bathhouse_Wall_NH_Icon.png,澡堂牆_Bathhouse_wall.png,images/wallpapers/澡堂牆_Bathhouse_wall.webp,https://dodo.ac/np/images/8/86/Bathhouse_Wall_NH_Icon.png,128,128,20491,4829,RoomTexWallPublicBath,0,4829,38,17,Saharah's Co-op,saharah,駱嵐,ローラン,Saharah,Aqua,Aqua,水藍,アクア,Aqua,2.0.0,2,No,Neta Walls,8,1,130,1,2,130,17,292
Item:Orange Moroccan-style wall (New Horizons),Orange Moroccan-style wall,橘色摩洛哥塗牆,橘色摩洛哥涂墙,橘色摩洛哥塗牆,オレンジのモロッカンなぬりかべ,False,File:Orange_Moroccan-Style_Wall_NH_Icon.png,橘色摩洛哥塗牆_Orange_Moroccan-style_wall.png,images/wallpapers/橘色摩洛哥塗牆_Orange_Moroccan-style_wall.webp,https://dodo.ac/np/images/0/0c/Orange_Moroccan-Style_Wall_NH_Icon.png,128,128,17445,13497,RoomTexWallTadelakt,1,13487,303,187,Saharah's Co-op,saharah,駱嵐,ローラン,Saharah,Orange,Orange,橘,オレンジ,Orange,2.0.0,2,No,Asia,5,1,130,1,2,130,41,293
Item:Blue Moroccan-style wall (New Horizons),Blue Moroccan-style wall,藍色摩洛哥塗牆,蓝色摩洛哥涂墙,藍色摩洛哥塗牆,ブルーのモロッカンなぬりかべ,False,File:Blue_Moroccan-Style_Wall_NH_Icon.png,藍色摩洛哥塗牆_Blue_Moroccan-style_wall.png,images/wallpapers/藍色摩洛哥塗牆_Blue_Moroccan-style_wall.webp,https://dodo.ac/np/images/0/04/Blue_Moroccan-Style_Wall_NH_Icon.png,128,128,19174,13487,RoomTexWallTadelakt,0,13487,302,41,Saharah's Co-op,saharah,駱嵐,ローラン,Saharah,Blue,Blue,藍,ブルー,Blue,2.0.0,2,No,Asia,8,1,130,1,2,130,41,294
Item:Candles wall (New Horizons),Candles wall,蠟燭牆,蜡烛墙,蠟燭牆,ろうそくのかべ,False,File:Candles_Wall_NH_Icon.png,蠟燭牆_Candles_wall.png,images/wallpapers/蠟燭牆_Candles_wall.webp,https://dodo.ac/np/images/1/17/Candles_Wall_NH_Icon.png,128,128,16605,5492,RoomSpWallCandle,0,5492,207,69,Saharah's Co-op,saharah,駱嵐,ローラン,Saharah,Black,Black,黑,ブラック,Black,2.0.0,2,Yes,Special Inorganic Walls,4,1,130,1,2,130,69,295
Item:Circus wall (New Horizons),Circus wall,馬戲團牆,马戏团墙,馬戲團牆,サーカスのかべ,False,File:Circus_Wall_NH_Icon.png,馬戲團牆_Circus_wall.png,images/wallpapers/馬戲團牆_Circus_wall.webp,https://dodo.ac/np/images/9/97/Circus_Wall_NH_Icon.png,128,128,15143,12721,RoomSpWallSummer,0,12721,271,80,Saharah's Co-op,saharah,駱嵐,ローラン,Saharah,Colorful,Colorful,彩色,カラフル,Colorful,2.0.0,2,Yes,Stripe Walls,10,1,130,1,2,130,80,296
Item:Gray locker-room wall (New Horizons),Gray locker-room wall,灰色置物櫃房間牆,灰色置物柜房间墙,灰色置物櫃房間牆,グレーのロッカールームのかべ,False,File:Gray_Locker-Room_Wall_NH_Icon.png,灰色置物櫃房間牆_Gray_locker-room_wall.png,images/wallpapers/灰色置物櫃房間牆_Gray_locker-room_wall.webp,https://dodo.ac/np/images/d/da/Gray_Locker-Room_Wall_NH_Icon.png,128,128,15004,13441,RoomTexWallLocker,1,12849,275,120,Saharah's Co-op,saharah,駱嵐,ローラン,Saharah,Gray,White,灰 / 白,グレー / ホワイト,Gray / White,2.0.0,2,No,Iron Walls,3,1,130,1,2,130,120,297
Item:Red locker-room wall (New Horizons),Red locker-room wall,紅色置物櫃房間牆,红色置物柜房间墙,紅色置物櫃房間牆,あかいロッカールームのかべ,False,File:Red_Locker-Room_Wall_NH_Icon.png,紅色置物櫃房間牆_Red_locker-room_wall.png,images/wallpapers/紅色置物櫃房間牆_Red_locker-room_wall.webp,https://dodo.ac/np/images/7/7f/Red_Locker-Room_Wall_NH_Icon.png,128,128,16429,12849,RoomTexWallLocker,0,12849,274,230,Saharah's Co-op,saharah,駱嵐,ローラン,Saharah,Red,White,紅 / 白,レッド / ホワイト,Red / White,2.0.0,2,No,Iron Walls,6,1,130,1,2,130,120,298
Item:Greenhouse wall (New Horizons),Greenhouse wall,溫室牆,温室墙,溫室牆,おんしつのかべ,False,File:Greenhouse_Wall_NH_Icon.png,溫室牆_Greenhouse_wall.png,images/wallpapers/溫室牆_Greenhouse_wall.webp,https://dodo.ac/np/images/a/a9/Greenhouse_Wall_NH_Icon.png,128,128,17412,13434,RoomSpWallGreenHouse,0,13434,299,135,Saharah's Co-op,saharah,駱嵐,ローラン,Saharah,Aqua,Gray,水藍 / 灰,アクア / グレー,Aqua / Gray,2.0.0,2,Yes,Neta Walls,7,1,130,1,2,130,135,299
Item:Museum wall (New Horizons),Museum wall,博物館牆,博物馆墙,博物館牆,ミュージアムなかべ,False,File:Museum_Wall_NH_Icon.png,博物館牆_Museum_wall.png,images/wallpapers/博物館牆_Museum_wall.webp,https://dodo.ac/np/images/2/2a/Museum_Wall_NH_Icon.png,128,128,15991,4842,RoomTexWallMuseum,0,4842,56,175,Saharah's Co-op,saharah,駱嵐,ローラン,Saharah,White,White,白,ホワイト,White,2.0.0,2,No,Special Inorganic Walls,1,1,130,1,2,130,175,300
Item:Retro restaurant wall (New Horizons),Retro restaurant wall,復古餐廳牆,复古餐厅墙,復古餐廳牆,レトロなレストランのかべ,False,File:Retro_Restaurant_Wall_NH_Icon.png,復古餐廳牆_Retro_restaurant_wall.png,images/wallpapers/復古餐廳牆_Retro_restaurant_wall.webp,https://dodo.ac/np/images/d/dc/Retro_Restaurant_Wall_NH_Icon.png,128,128,18494,12907,RoomTexWallRestaurant,0,12907,280,235,Saharah's Co-op,saharah,駱嵐,ローラン,Saharah,Brown,Beige,棕 / 米,ブラウン / ベージュ,Brown / Beige,2.0.0,2,No,Brick,2,1,130,1,2,130,235,301
Item:Robo-wall (New Horizons),Robo-wall,機器人牆,机器人墙,機器人牆,ロボのかべ,False,File:Robo-Wall_NH_Icon.png,機器人牆_Robo-wall.png,images/wallpapers/機器人牆_Robo-wall.webp,https://dodo.ac/np/images/2/2a/Robo-Wall_NH_Icon.png,128,128,14190,5455,RoomTexWallRobo,0,5455,192,238,Saharah's Co-op,saharah,駱嵐,ローラン,Saharah,Gray,Gray,灰,グレー,Gray,2.0.0,2,No,Iron Walls,3,1,130,1,2,130,238,302
Item:Room Sketch wall (New Horizons),Room Sketch wall,房間草圖壁紙,房间草图壁纸,房間草圖壁紙,ルームスケッチのかべがみ,False,File:Room_Sketch_Wall_NH_Icon.png,房間草圖壁紙_Room_Sketch_wall.png,images/wallpapers/房間草圖壁紙_Room_Sketch_wall.webp,https://dodo.ac/np/images/7/75/Room_Sketch_Wall_NH_Icon.png,128,128,9800,14896,RoomSpWallSketch,0,14896,311,240,Wardell,npc,活動/NPC,イベント/住民,Event / Special NPC,White,White,白,ホワイト,White,2.0.0,2,Yes,Special Inorganic Walls,1,1,130,1,2,130,240,303
Item:Steampunk wall (New Horizons),Steampunk wall,蒸汽龐克牆,蒸汽庞克墙,蒸汽龐克牆,スチームパンクなかべ,False,File:Steampunk_Wall_NH_Icon.png,蒸汽龐克牆_Steampunk_wall.png,images/wallpapers/蒸汽龐克牆_Steampunk_wall.webp,https://dodo.ac/np/images/b/bb/Steampunk_Wall_NH_Icon.png,128,128,19834,4937,RoomTexWallSteampunk,0,4937,166,267,Saharah's Co-op,saharah,駱嵐,ローラン,Saharah,Brown,Black,棕 / 黑,ブラウン / ブラック,Brown / Black,2.0.0,2,No,Iron Walls,2,1,130,1,2,130,267,304
Item:Tent wall (New Horizons),Tent wall,帳篷牆,帐篷墙,帳篷牆,テントのかべ,False,File:Tent_Wall_NH_Icon.png,帳篷牆_Tent_wall.png,images/wallpapers/帳篷牆_Tent_wall.webp,https://dodo.ac/np/images/b/b2/Tent_Wall_NH_Icon.png,128,128,15082,13435,RoomTexWallGlamping,0,13435,300,276,Saharah's Co-op,saharah,駱嵐,ローラン,Saharah,Beige,Beige,米,ベージュ,Beige,2.0.0,2,No,Simple Walls,2,1,130,1,2,130,276,305
Item:Modern LEGO® wall (New Horizons),Modern LEGO® wall,LEGO®牆・摩登,LEGO®牆・摩登,LEGO®墙·摩登,LEGO®のかべ・モダン,False,File:Modern_LEGO®_Wall_NH_Icon.png,LEGO牆・摩登_Modern_LEGO_wall.png,images/wallpapers/LEGO牆・摩登_Modern_LEGO_wall.webp,https://dodo.ac/np/images/9/99/Modern_LEGO%C2%AE_Wall_NH_Icon.png,128,128,9924,1290,RoomTexWallLego,1,1282,3,166,Nook Shopping Promotion,promo,聯名合作,コラボ商品,Promotion / Collab,White,Colorful,白 / 彩色,ホワイト / カラフル,White / Colorful,3.0.0,3,No,LEGO Walls,1,1,140,1,3,140,73,306
Item:Chic LEGO® wall (New Horizons),Chic LEGO® wall,LEGO®牆・典雅,LEGO®牆・典雅,LEGO®墙·典雅,LEGO®のかべ・シック,False,File:Chic_LEGO®_Wall_NH_Icon.png,LEGO牆・典雅_Chic_LEGO_wall.png,images/wallpapers/LEGO牆・典雅_Chic_LEGO_wall.webp,https://dodo.ac/np/images/6/65/Chic_LEGO%C2%AE_Wall_NH_Icon.png,128,128,9654,1292,RoomTexWallLego,3,1282,5,73,Nook Shopping Promotion,promo,聯名合作,コラボ商品,Promotion / Collab,Gray,Gray,灰,グレー,Gray,3.0.0,3,No,LEGO Walls,3,1,140,1,3,140,73,307
Item:Cute LEGO® wall (New Horizons),Cute LEGO® wall,LEGO®牆・可愛,LEGO®牆・可愛,LEGO®墙·可爱,LEGO®のかべ・キュート,False,File:Cute_LEGO®_Wall_NH_Icon.png,LEGO牆・可愛_Cute_LEGO_wall.png,images/wallpapers/LEGO牆・可愛_Cute_LEGO_wall.webp,https://dodo.ac/np/images/3/30/Cute_LEGO%C2%AE_Wall_NH_Icon.png,128,128,11206,1291,RoomTexWallLego,2,1282,4,94,Nook Shopping Promotion,promo,聯名合作,コラボ商品,Promotion / Collab,Pink,Pink,粉紅,ピンク,Pink,3.0.0,3,No,LEGO Walls,6,1,140,1,3,140,73,308
Item:Colorful LEGO® wall (New Horizons),Colorful LEGO® wall,LEGO®牆・彩色,LEGO®牆・彩色,LEGO®墙·彩色,LEGO®のかべ・カラフル,False,File:Colorful_LEGO®_Wall_NH_Icon.png,LEGO牆・彩色_Colorful_LEGO_wall.png,images/wallpapers/LEGO牆・彩色_Colorful_LEGO_wall.webp,https://dodo.ac/np/images/f/f4/Colorful_LEGO%C2%AE_Wall_NH_Icon.png,128,128,11934,1282,RoomTexWallLego,0,1282,2,85,Nook Shopping Promotion,promo,聯名合作,コラボ商品,Promotion / Collab,Yellow,Yellow,黃,イエロー,Yellow,3.0.0,3,No,LEGO Walls,10,1,140,1,3,140,73,309
Item:Eeltail Alley wall (New Horizons),Eeltail Alley wall,鰻鯰區牆,鰻鯰區牆,鳗鲶区墙,ゴンズイちくのかべ,False,File:Eeltail_Alley_Wall_NH_Icon.png,鰻鯰區牆_Eeltail_Alley_wall.png,images/wallpapers/鰻鯰區牆_Eeltail_Alley_wall.webp,https://dodo.ac/np/images/3/34/Eeltail_Alley_Wall_NH_Icon.png,128,128,17522,1140,RoomSpWallSplatoon,0,1140,1,105,Nook Shopping Promotion,promo,聯名合作,コラボ商品,Promotion / Collab,White,Aqua,白 / 水藍,ホワイト / アクア,White / Aqua,3.0.0,3,Yes,Splatoon Walls,1,1,140,1,3,140,105,310
Item:Korok Forest wall (New Horizons),Korok Forest wall,克洛格森林牆,克洛格森林牆,克洛格森林墙,コログのもりのかべ,False,File:Korok_Forest_Wall_NH_Icon.png,克洛格森林牆_Korok_Forest_wall.png,images/wallpapers/克洛格森林牆_Korok_Forest_wall.webp,https://dodo.ac/np/images/5/55/Korok_Forest_Wall_NH_Icon.png,128,128,15549,1057,RoomSpWallZeldaForest,0,1057,0,154,Nook Shopping Promotion,promo,聯名合作,コラボ商品,Promotion / Collab,Green,Green,綠,グリーン,Green,3.0.0,3,Yes,Zelda Walls,7,1,140,1,3,140,154,311
